NEV;VALUE;M_KOD;VON_IDO
Budapest (Budapest);3209,249491;TYWA001;2024
Dél-Alföld (Bács-Kiskun, Békés, Csongrád);64,54855571;TYWA001;2024
Dél-Alföld (Bács-Kiskun, Békés, Csongrád-Csanád);64,54855571;TYWA001;2024
Dél-Dunántúl (Baranya, Somogy, Tolna);59,5824013;TYWA001;2024
Észak-Alföld (Hajdú-Bihar, Jász-Nagykun-Szolnok, Szabolcs-Szatmár-Bereg);78,43157828;TYWA001;2024
Észak-Magyarország (Borsod-Abaúj-Zemplén, Heves, Nógrád);79,8456453;TYWA001;2024
Közép-Dunántúl (Fejér, Komárom-Esztergom, Veszprém);94,82138379;TYWA001;2024
Nyugat-Dunántúl (Győr-Moson-Sopron, Vas, Zala);86,03299139;TYWA001;2024
Pest (Pest);209,0315737;TYWA001;2024
Budapest (Budapest);1685209;TYWA002;2024
Dél-Alföld (Bács-Kiskun, Békés, Csongrád);4660,492126;TYWA002;2024
Dél-Alföld (Bács-Kiskun, Békés, Csongrád-Csanád);4660,492126;TYWA002;2024
Dél-Dunántúl (Baranya, Somogy, Tolna);1289,588415;TYWA002;2024
Észak-Alföld (Hajdú-Bihar, Jász-Nagykun-Szolnok, Szabolcs-Szatmár-Bereg);3574,308483;TYWA002;2024
Észak-Magyarország (Borsod-Abaúj-Zemplén, Heves, Nógrád);1757,757377;TYWA002;2024
Közép-Dunántúl (Fejér, Komárom-Esztergom, Veszprém);2621,369077;TYWA002;2024
Nyugat-Dunántúl (Győr-Moson-Sopron, Vas, Zala);1483,435312;TYWA002;2024
Pest (Pest);7145,101604;TYWA002;2024
Budapest (Budapest);31,06769351;TYWA101;2024
Dél-Alföld (Bács-Kiskun, Békés, Csongrád);35,59930321;TYWA101;2024
Dél-Alföld (Bács-Kiskun, Békés, Csongrád-Csanád);35,59930321;TYWA101;2024
Dél-Dunántúl (Baranya, Somogy, Tolna);37,16506286;TYWA101;2024
Észak-Alföld (Hajdú-Bihar, Jász-Nagykun-Szolnok, Szabolcs-Szatmár-Bereg);30,72012698;TYWA101;2024
Észak-Magyarország (Borsod-Abaúj-Zemplén, Heves, Nógrád);33,09403689;TYWA101;2024
Közép-Dunántúl (Fejér, Komárom-Esztergom, Veszprém);32,61081266;TYWA101;2024
Nyugat-Dunántúl (Győr-Moson-Sopron, Vas, Zala);33,41960649;TYWA101;2024
Pest (Pest);27,46329801;TYWA101;2024
Budapest (Budapest);18,31517028;TYWA102;2024
Dél-Alföld (Bács-Kiskun, Békés, Csongrád);21,6909669;TYWA102;2024
Dél-Alföld (Bács-Kiskun, Békés, Csongrád-Csanád);21,6909669;TYWA102;2024
Dél-Dunántúl (Baranya, Somogy, Tolna);21,15133413;TYWA102;2024
Észak-Alföld (Hajdú-Bihar, Jász-Nagykun-Szolnok, Szabolcs-Szatmár-Bereg);24,04267089;TYWA102;2024
Észak-Magyarország (Borsod-Abaúj-Zemplén, Heves, Nógrád);24,47892403;TYWA102;2024
Közép-Dunántúl (Fejér, Komárom-Esztergom, Veszprém);22,01925283;TYWA102;2024
Nyugat-Dunántúl (Győr-Moson-Sopron, Vas, Zala);21,24001657;TYWA102;2024
Pest (Pest);25,09162653;TYWA102;2024
Budapest (Budapest);169,6281992;TYWA201;2024
Dél-Alföld (Bács-Kiskun, Békés, Csongrád);164,1204072;TYWA201;2024
Dél-Alföld (Bács-Kiskun, Békés, Csongrád-Csanád);164,1204072;TYWA201;2024
Dél-Dunántúl (Baranya, Somogy, Tolna);175,7102537;TYWA201;2024
Észak-Alföld (Hajdú-Bihar, Jász-Nagykun-Szolnok, Szabolcs-Szatmár-Bereg);127,773354;TYWA201;2024
Észak-Magyarország (Borsod-Abaúj-Zemplén, Heves, Nógrád);135,1940014;TYWA201;2024
Közép-Dunántúl (Fejér, Komárom-Esztergom, Veszprém);148,1013588;TYWA201;2024
Nyugat-Dunántúl (Győr-Moson-Sopron, Vas, Zala);157,3426573;TYWA201;2024
Pest (Pest);109,4520436;TYWA201;2024
Budapest (Budapest);41,46571501;TYWA202;2024
Dél-Alföld (Bács-Kiskun, Békés, Csongrád);42,28426531;TYWA202;2024
Dél-Alföld (Bács-Kiskun, Békés, Csongrád-Csanád);42,28426531;TYWA202;2024
Dél-Dunántúl (Baranya, Somogy, Tolna);42,85604155;TYWA202;2024
Észak-Alföld (Hajdú-Bihar, Jász-Nagykun-Szolnok, Szabolcs-Szatmár-Bereg);40,29021597;TYWA202;2024
Észak-Magyarország (Borsod-Abaúj-Zemplén, Heves, Nógrád);40,67506107;TYWA202;2024
Közép-Dunántúl (Fejér, Komárom-Esztergom, Veszprém);41,79329231;TYWA202;2024
Nyugat-Dunántúl (Győr-Moson-Sopron, Vas, Zala);42,29356131;TYWA202;2024
Pest (Pest);39,99445163;TYWA202;2024
Budapest (Budapest);45,86624939;TYWA203;2024
Dél-Alföld (Bács-Kiskun, Békés, Csongrád);46,36860816;TYWA203;2024
Dél-Alföld (Bács-Kiskun, Békés, Csongrád-Csanád);46,36860816;TYWA203;2024
Dél-Dunántúl (Baranya, Somogy, Tolna);46,91189996;TYWA203;2024
Észak-Alföld (Hajdú-Bihar, Jász-Nagykun-Szolnok, Szabolcs-Szatmár-Bereg);44,23357769;TYWA203;2024
Észak-Magyarország (Borsod-Abaúj-Zemplén, Heves, Nógrád);45,11691155;TYWA203;2024
Közép-Dunántúl (Fejér, Komárom-Esztergom, Veszprém);45,60807085;TYWA203;2024
Nyugat-Dunántúl (Győr-Moson-Sopron, Vas, Zala);46,01064649;TYWA203;2024
Pest (Pest);43,3482453;TYWA203;2024
Budapest (Budapest);7,30728287;TYWB001;2024
Dél-Alföld (Bács-Kiskun, Békés, Csongrád);7,66083545;TYWB001;2024
Dél-Alföld (Bács-Kiskun, Békés, Csongrád-Csanád);7,66083545;TYWB001;2024
Dél-Dunántúl (Baranya, Somogy, Tolna);7,1891615;TYWB001;2024
Észak-Alföld (Hajdú-Bihar, Jász-Nagykun-Szolnok, Szabolcs-Szatmár-Bereg);9,30662823;TYWB001;2024
Észak-Magyarország (Borsod-Abaúj-Zemplén, Heves, Nógrád);9,14843899;TYWB001;2024
Közép-Dunántúl (Fejér, Komárom-Esztergom, Veszprém);7,72597407;TYWB001;2024
Nyugat-Dunántúl (Győr-Moson-Sopron, Vas, Zala);7,3121881;TYWB001;2024
Pest (Pest);8,30376666;TYWB001;2024
Budapest (Budapest);15,52200032;TYWB002;2024
Dél-Alföld (Bács-Kiskun, Békés, Csongrád);22,58241758;TYWB002;2024
Dél-Alföld (Bács-Kiskun, Békés, Csongrád-Csanád);22,58241758;TYWB002;2024
Dél-Dunántúl (Baranya, Somogy, Tolna);28,6977887;TYWB002;2024
Észak-Alföld (Hajdú-Bihar, Jász-Nagykun-Szolnok, Szabolcs-Szatmár-Bereg);29,81969487;TYWB002;2024
Észak-Magyarország (Borsod-Abaúj-Zemplén, Heves, Nógrád);36,31845842;TYWB002;2024
Közép-Dunántúl (Fejér, Komárom-Esztergom, Veszprém);21,14180479;TYWB002;2024
Nyugat-Dunántúl (Győr-Moson-Sopron, Vas, Zala);17,70134228;TYWB002;2024
Pest (Pest);16,34034106;TYWB002;2024
Budapest (Budapest);1,03925627;TYWB003;2024
Dél-Alföld (Bács-Kiskun, Békés, Csongrád);1,37823067;TYWB003;2024
Dél-Alföld (Bács-Kiskun, Békés, Csongrád-Csanád);1,37823067;TYWB003;2024
Dél-Dunántúl (Baranya, Somogy, Tolna);1,32849204;TYWB003;2024
Észak-Alföld (Hajdú-Bihar, Jász-Nagykun-Szolnok, Szabolcs-Szatmár-Bereg);1,59346651;TYWB003;2024
Észak-Magyarország (Borsod-Abaúj-Zemplén, Heves, Nógrád);1,63694774;TYWB003;2024
Közép-Dunántúl (Fejér, Komárom-Esztergom, Veszprém);1,39054737;TYWB003;2024
Nyugat-Dunántúl (Győr-Moson-Sopron, Vas, Zala);1,30494858;TYWB003;2024
Pest (Pest);1,42031626;TYWB003;2024
Budapest (Budapest);6,421497;TYWB004;2024
Dél-Alföld (Bács-Kiskun, Békés, Csongrád);8,50549451;TYWB004;2024
Dél-Alföld (Bács-Kiskun, Békés, Csongrád-Csanád);8,50549451;TYWB004;2024
Dél-Dunántúl (Baranya, Somogy, Tolna);9,25470925;TYWB004;2024
Észak-Alföld (Hajdú-Bihar, Jász-Nagykun-Szolnok, Szabolcs-Szatmár-Bereg);8,57605178;TYWB004;2024
Észak-Magyarország (Borsod-Abaúj-Zemplén, Heves, Nógrád);11,0040568;TYWB004;2024
Közép-Dunántúl (Fejér, Komárom-Esztergom, Veszprém);7,46470227;TYWB004;2024
Nyugat-Dunántúl (Győr-Moson-Sopron, Vas, Zala);6,99105145;TYWB004;2024
Pest (Pest);6,39718488;TYWB004;2024
Budapest (Budapest);32,08010262;TYWB005;2024
Dél-Alföld (Bács-Kiskun, Békés, Csongrád);28,96387833;TYWB005;2024
Dél-Alföld (Bács-Kiskun, Békés, Csongrád-Csanád);28,96387833;TYWB005;2024
Dél-Dunántúl (Baranya, Somogy, Tolna);28,6808432;TYWB005;2024
Észak-Alföld (Hajdú-Bihar, Jász-Nagykun-Szolnok, Szabolcs-Szatmár-Bereg);27,39186113;TYWB005;2024
Észak-Magyarország (Borsod-Abaúj-Zemplén, Heves, Nógrád);26,76410658;TYWB005;2024
Közép-Dunántúl (Fejér, Komárom-Esztergom, Veszprém);29,44195323;TYWB005;2024
Nyugat-Dunántúl (Győr-Moson-Sopron, Vas, Zala);30,00766962;TYWB005;2024
Pest (Pest);30,36750464;TYWB005;2024
Budapest (Budapest);7,17648969;TYWB006;2024
Dél-Alföld (Bács-Kiskun, Békés, Csongrád);9,12087912;TYWB006;2024
Dél-Alföld (Bács-Kiskun, Békés, Csongrád-Csanád);9,12087912;TYWB006;2024
Dél-Dunántúl (Baranya, Somogy, Tolna);9,72972973;TYWB006;2024
Észak-Alföld (Hajdú-Bihar, Jász-Nagykun-Szolnok, Szabolcs-Szatmár-Bereg);9,31576514;TYWB006;2024
Észak-Magyarország (Borsod-Abaúj-Zemplén, Heves, Nógrád);10,87221095;TYWB006;2024
Közép-Dunántúl (Fejér, Komárom-Esztergom, Veszprém);8,10313076;TYWB006;2024
Nyugat-Dunántúl (Győr-Moson-Sopron, Vas, Zala);8,151566;TYWB006;2024
Pest (Pest);7,94008842;TYWB006;2024
Budapest (Budapest);1,59132976;TYWB007;2024
Dél-Alföld (Bács-Kiskun, Békés, Csongrád);1,93736264;TYWB007;2024
Dél-Alföld (Bács-Kiskun, Békés, Csongrád-Csanád);1,93736264;TYWB007;2024
Dél-Dunántúl (Baranya, Somogy, Tolna);1,94840295;TYWB007;2024
Észak-Alföld (Hajdú-Bihar, Jász-Nagykun-Szolnok, Szabolcs-Szatmár-Bereg);2,07813222;TYWB007;2024
Észak-Magyarország (Borsod-Abaúj-Zemplén, Heves, Nógrád);2,19563895;TYWB007;2024
Közép-Dunántúl (Fejér, Komárom-Esztergom, Veszprém);1,89478207;TYWB007;2024
Nyugat-Dunántúl (Győr-Moson-Sopron, Vas, Zala);1,77335011;TYWB007;2024
Pest (Pest);1,85392042;TYWB007;2024
Budapest (Budapest);12,08210994;TYWB101;2024
Dél-Alföld (Bács-Kiskun, Békés, Csongrád);14,73826882;TYWB101;2024
Dél-Alföld (Bács-Kiskun, Békés, Csongrád-Csanád);14,73826882;TYWB101;2024
Dél-Dunántúl (Baranya, Somogy, Tolna);14,78812287;TYWB101;2024
Észak-Alföld (Hajdú-Bihar, Jász-Nagykun-Szolnok, Szabolcs-Szatmár-Bereg);13,55979605;TYWB101;2024
Észak-Magyarország (Borsod-Abaúj-Zemplén, Heves, Nógrád);14,64306938;TYWB101;2024
Közép-Dunántúl (Fejér, Komárom-Esztergom, Veszprém);13,20956598;TYWB101;2024
Nyugat-Dunántúl (Győr-Moson-Sopron, Vas, Zala);12,92617369;TYWB101;2024
Pest (Pest);11,26549089;TYWB101;2024
Budapest (Budapest);16,52053905;TYWB102;2024
Dél-Alföld (Bács-Kiskun, Békés, Csongrád);18,10989011;TYWB102;2024
Dél-Alföld (Bács-Kiskun, Békés, Csongrád-Csanád);18,10989011;TYWB102;2024
Dél-Dunántúl (Baranya, Somogy, Tolna);18,001638;TYWB102;2024
Észak-Alföld (Hajdú-Bihar, Jász-Nagykun-Szolnok, Szabolcs-Szatmár-Bereg);16,27369394;TYWB102;2024
Észak-Magyarország (Borsod-Abaúj-Zemplén, Heves, Nógrád);17,71805274;TYWB102;2024
Közép-Dunántúl (Fejér, Komárom-Esztergom, Veszprém);16,25537139;TYWB102;2024
Nyugat-Dunántúl (Győr-Moson-Sopron, Vas, Zala);17,10011186;TYWB102;2024
Pest (Pest);16,36740955;TYWB102;2024
Budapest (Budapest);17,81945121;TYWB103;2024
Dél-Alföld (Bács-Kiskun, Békés, Csongrád);24,9010989;TYWB103;2024
Dél-Alföld (Bács-Kiskun, Békés, Csongrád-Csanád);24,9010989;TYWB103;2024
Dél-Dunántúl (Baranya, Somogy, Tolna);36,56019656;TYWB103;2024
Észak-Alföld (Hajdú-Bihar, Jász-Nagykun-Szolnok, Szabolcs-Szatmár-Bereg);35,66805363;TYWB103;2024
Észak-Magyarország (Borsod-Abaúj-Zemplén, Heves, Nógrád);35,73022312;TYWB103;2024
Közép-Dunántúl (Fejér, Komárom-Esztergom, Veszprém);22,86065071;TYWB103;2024
Nyugat-Dunántúl (Győr-Moson-Sopron, Vas, Zala);20,14821029;TYWB103;2024
Pest (Pest);19,02012091;TYWB103;2024
Budapest (Budapest);202,5567501;TYWB104;2024
Dél-Alföld (Bács-Kiskun, Békés, Csongrád);345,0626736;TYWB104;2024
Dél-Alföld (Bács-Kiskun, Békés, Csongrád-Csanád);345,0626736;TYWB104;2024
Dél-Dunántúl (Baranya, Somogy, Tolna);487,2352999;TYWB104;2024
Észak-Alföld (Hajdú-Bihar, Jász-Nagykun-Szolnok, Szabolcs-Szatmár-Bereg);568,62054;TYWB104;2024
Észak-Magyarország (Borsod-Abaúj-Zemplén, Heves, Nógrád);584,0534593;TYWB104;2024
Közép-Dunántúl (Fejér, Komárom-Esztergom, Veszprém);323,6965395;TYWB104;2024
Nyugat-Dunántúl (Győr-Moson-Sopron, Vas, Zala);269,8277849;TYWB104;2024
Pest (Pest);277,6867309;TYWB104;2024
Budapest (Budapest);2,84137035;TYWB105;2024
Dél-Alföld (Bács-Kiskun, Békés, Csongrád);3,2967033;TYWB105;2024
Dél-Alföld (Bács-Kiskun, Békés, Csongrád-Csanád);3,2967033;TYWB105;2024
Dél-Dunántúl (Baranya, Somogy, Tolna);2,94840295;TYWB105;2024
Észak-Alföld (Hajdú-Bihar, Jász-Nagykun-Szolnok, Szabolcs-Szatmár-Bereg);5,39374326;TYWB105;2024
Észak-Magyarország (Borsod-Abaúj-Zemplén, Heves, Nógrád);5,57809331;TYWB105;2024
Közép-Dunántúl (Fejér, Komárom-Esztergom, Veszprém);2,45549417;TYWB105;2024
Nyugat-Dunántúl (Győr-Moson-Sopron, Vas, Zala);3,49552573;TYWB105;2024
Pest (Pest);3,51890282;TYWB105;2024
Budapest (Budapest);3,6;TYWB106;2024
Dél-Alföld (Bács-Kiskun, Békés, Csongrád);6,2;TYWB106;2024
Dél-Alföld (Bács-Kiskun, Békés, Csongrád-Csanád);6,2;TYWB106;2024
Dél-Dunántúl (Baranya, Somogy, Tolna);4,4;TYWB106;2024
Észak-Alföld (Hajdú-Bihar, Jász-Nagykun-Szolnok, Szabolcs-Szatmár-Bereg);8,1;TYWB106;2024
Észak-Magyarország (Borsod-Abaúj-Zemplén, Heves, Nógrád);10;TYWB106;2024
Közép-Dunántúl (Fejér, Komárom-Esztergom, Veszprém);3,7;TYWB106;2024
Nyugat-Dunántúl (Győr-Moson-Sopron, Vas, Zala);6,7;TYWB106;2024
Pest (Pest);5,6;TYWB106;2024
Budapest (Budapest);23,32660782;TYWB107;2024
Dél-Alföld (Bács-Kiskun, Békés, Csongrád);29,73600638;TYWB107;2024
Dél-Alföld (Bács-Kiskun, Békés, Csongrád-Csanád);29,73600638;TYWB107;2024
Dél-Dunántúl (Baranya, Somogy, Tolna);29,81375622;TYWB107;2024
Észak-Alföld (Hajdú-Bihar, Jász-Nagykun-Szolnok, Szabolcs-Szatmár-Bereg);28,09769571;TYWB107;2024
Észak-Magyarország (Borsod-Abaúj-Zemplén, Heves, Nógrád);29,67038895;TYWB107;2024
Közép-Dunántúl (Fejér, Komárom-Esztergom, Veszprém);26,73561148;TYWB107;2024
Nyugat-Dunántúl (Győr-Moson-Sopron, Vas, Zala);26,19244264;TYWB107;2024
Pest (Pest);22,68503015;TYWB107;2024
Budapest (Budapest);24,92241168;TYWB108;2024
Dél-Alföld (Bács-Kiskun, Békés, Csongrád);29,43132663;TYWB108;2024
Dél-Alföld (Bács-Kiskun, Békés, Csongrád-Csanád);29,43132663;TYWB108;2024
Dél-Dunántúl (Baranya, Somogy, Tolna);29,57347266;TYWB108;2024
Észak-Alföld (Hajdú-Bihar, Jász-Nagykun-Szolnok, Szabolcs-Szatmár-Bereg);26,34474087;TYWB108;2024
Észak-Magyarország (Borsod-Abaúj-Zemplén, Heves, Nógrád);29,21930021;TYWB108;2024
Közép-Dunántúl (Fejér, Komárom-Esztergom, Veszprém);26,26812436;TYWB108;2024
Nyugat-Dunántúl (Győr-Moson-Sopron, Vas, Zala);25,71039789;TYWB108;2024
Pest (Pest);22,33730143;TYWB108;2024
Budapest (Budapest);1170,1;TYWB109;2024
Dél-Alföld (Bács-Kiskun, Békés, Csongrád);1394,5;TYWB109;2024
Dél-Alföld (Bács-Kiskun, Békés, Csongrád-Csanád);1394,5;TYWB109;2024
Dél-Dunántúl (Baranya, Somogy, Tolna);1378,5;TYWB109;2024
Észak-Alföld (Hajdú-Bihar, Jász-Nagykun-Szolnok, Szabolcs-Szatmár-Bereg);1467,5;TYWB109;2024
Észak-Magyarország (Borsod-Abaúj-Zemplén, Heves, Nógrád);1496,5;TYWB109;2024
Közép-Dunántúl (Fejér, Komárom-Esztergom, Veszprém);1355,5;TYWB109;2024
Nyugat-Dunántúl (Győr-Moson-Sopron, Vas, Zala);1306,2;TYWB109;2024
Pest (Pest);1322,8;TYWB109;2024
Budapest (Budapest);85,7;TYWB110;2024
Dél-Alföld (Bács-Kiskun, Békés, Csongrád);103,1;TYWB110;2024
Dél-Alföld (Bács-Kiskun, Békés, Csongrád-Csanád);103,1;TYWB110;2024
Dél-Dunántúl (Baranya, Somogy, Tolna);101,6;TYWB110;2024
Észak-Alföld (Hajdú-Bihar, Jász-Nagykun-Szolnok, Szabolcs-Szatmár-Bereg);108,7;TYWB110;2024
Észak-Magyarország (Borsod-Abaúj-Zemplén, Heves, Nógrád);111;TYWB110;2024
Közép-Dunántúl (Fejér, Komárom-Esztergom, Veszprém);99,7;TYWB110;2024
Nyugat-Dunántúl (Győr-Moson-Sopron, Vas, Zala);95,8;TYWB110;2024
Pest (Pest);96,4;TYWB110;2024
Budapest (Budapest);-4,77482707;TYWB201;2024
Dél-Alföld (Bács-Kiskun, Békés, Csongrád);-7,07743337;TYWB201;2024
Dél-Alföld (Bács-Kiskun, Békés, Csongrád-Csanád);-7,07743337;TYWB201;2024
Dél-Dunántúl (Baranya, Somogy, Tolna);-7,59896137;TYWB201;2024
Észak-Alföld (Hajdú-Bihar, Jász-Nagykun-Szolnok, Szabolcs-Szatmár-Bereg);-4,25316782;TYWB201;2024
Észak-Magyarország (Borsod-Abaúj-Zemplén, Heves, Nógrád);-5,4946304;TYWB201;2024
Közép-Dunántúl (Fejér, Komárom-Esztergom, Veszprém);-5,48359191;TYWB201;2024
Nyugat-Dunántúl (Győr-Moson-Sopron, Vas, Zala);-5,61398558;TYWB201;2024
Pest (Pest);-2,96172423;TYWB201;2024
Budapest (Budapest);74,9;TYWB202;2024
Dél-Alföld (Bács-Kiskun, Békés, Csongrád);73,3;TYWB202;2024
Dél-Alföld (Bács-Kiskun, Békés, Csongrád-Csanád);73,3;TYWB202;2024
Dél-Dunántúl (Baranya, Somogy, Tolna);73,6;TYWB202;2024
Észak-Alföld (Hajdú-Bihar, Jász-Nagykun-Szolnok, Szabolcs-Szatmár-Bereg);72,2;TYWB202;2024
Észak-Magyarország (Borsod-Abaúj-Zemplén, Heves, Nógrád);71,8;TYWB202;2024
Közép-Dunántúl (Fejér, Komárom-Esztergom, Veszprém);74,1;TYWB202;2024
Nyugat-Dunántúl (Győr-Moson-Sopron, Vas, Zala);74,4;TYWB202;2024
Pest (Pest);74,5;TYWB202;2024
Budapest (Budapest);80,6;TYWB203;2024
Dél-Alföld (Bács-Kiskun, Békés, Csongrád);79,3;TYWB203;2024
Dél-Alföld (Bács-Kiskun, Békés, Csongrád-Csanád);79,3;TYWB203;2024
Dél-Dunántúl (Baranya, Somogy, Tolna);79,6;TYWB203;2024
Észak-Alföld (Hajdú-Bihar, Jász-Nagykun-Szolnok, Szabolcs-Szatmár-Bereg);78,8;TYWB203;2024
Észak-Magyarország (Borsod-Abaúj-Zemplén, Heves, Nógrád);78,1;TYWB203;2024
Közép-Dunántúl (Fejér, Komárom-Esztergom, Veszprém);79,7;TYWB203;2024
Nyugat-Dunántúl (Győr-Moson-Sopron, Vas, Zala);80,1;TYWB203;2024
Pest (Pest);80,1;TYWB203;2024
Budapest (Budapest);5,25118266;TYWB301;2024
Dél-Alföld (Bács-Kiskun, Békés, Csongrád);4,74550873;TYWB301;2024
Dél-Alföld (Bács-Kiskun, Békés, Csongrád-Csanád);4,74550873;TYWB301;2024
Dél-Dunántúl (Baranya, Somogy, Tolna);4,56432268;TYWB301;2024
Észak-Alföld (Hajdú-Bihar, Jász-Nagykun-Szolnok, Szabolcs-Szatmár-Bereg);4,84047932;TYWB301;2024
Észak-Magyarország (Borsod-Abaúj-Zemplén, Heves, Nógrád);4,70226053;TYWB301;2024
Közép-Dunántúl (Fejér, Komárom-Esztergom, Veszprém);4,90117962;TYWB301;2024
Nyugat-Dunántúl (Győr-Moson-Sopron, Vas, Zala);4,63043903;TYWB301;2024
Pest (Pest);4,45494871;TYWB301;2024
Budapest (Budapest);38;TYWB302;2024
Dél-Alföld (Bács-Kiskun, Békés, Csongrád);37,4;TYWB302;2024
Dél-Alföld (Bács-Kiskun, Békés, Csongrád-Csanád);37,4;TYWB302;2024
Dél-Dunántúl (Baranya, Somogy, Tolna);38,2;TYWB302;2024
Észak-Alföld (Hajdú-Bihar, Jász-Nagykun-Szolnok, Szabolcs-Szatmár-Bereg);35,2;TYWB302;2024
Észak-Magyarország (Borsod-Abaúj-Zemplén, Heves, Nógrád);35,8;TYWB302;2024
Közép-Dunántúl (Fejér, Komárom-Esztergom, Veszprém);37,7;TYWB302;2024
Nyugat-Dunántúl (Győr-Moson-Sopron, Vas, Zala);37,4;TYWB302;2024
Pest (Pest);38,2;TYWB302;2024
Budapest (Budapest);35,2;TYWB303;2024
Dél-Alföld (Bács-Kiskun, Békés, Csongrád);34,2;TYWB303;2024
Dél-Alföld (Bács-Kiskun, Békés, Csongrád-Csanád);34,2;TYWB303;2024
Dél-Dunántúl (Baranya, Somogy, Tolna);35,1;TYWB303;2024
Észak-Alföld (Hajdú-Bihar, Jász-Nagykun-Szolnok, Szabolcs-Szatmár-Bereg);32,2;TYWB303;2024
Észak-Magyarország (Borsod-Abaúj-Zemplén, Heves, Nógrád);33;TYWB303;2024
Közép-Dunántúl (Fejér, Komárom-Esztergom, Veszprém);34,8;TYWB303;2024
Nyugat-Dunántúl (Győr-Moson-Sopron, Vas, Zala);34,4;TYWB303;2024
Pest (Pest);35,1;TYWB303;2024
Budapest (Budapest);61;TYWB304;2024
Dél-Alföld (Bács-Kiskun, Békés, Csongrád);66;TYWB304;2024
Dél-Alföld (Bács-Kiskun, Békés, Csongrád-Csanád);66;TYWB304;2024
Dél-Dunántúl (Baranya, Somogy, Tolna);62;TYWB304;2024
Észak-Alföld (Hajdú-Bihar, Jász-Nagykun-Szolnok, Szabolcs-Szatmár-Bereg);67;TYWB304;2024
Észak-Magyarország (Borsod-Abaúj-Zemplén, Heves, Nógrád);66;TYWB304;2024
Közép-Dunántúl (Fejér, Komárom-Esztergom, Veszprém);68;TYWB304;2024
Nyugat-Dunántúl (Győr-Moson-Sopron, Vas, Zala);65;TYWB304;2024
Pest (Pest);60;TYWB304;2024
Budapest (Budapest);1,74999874;TYWB305;2024
Dél-Alföld (Bács-Kiskun, Békés, Csongrád);1,87143266;TYWB305;2024
Dél-Alföld (Bács-Kiskun, Békés, Csongrád-Csanád);1,87143266;TYWB305;2024
Dél-Dunántúl (Baranya, Somogy, Tolna);1,8617632;TYWB305;2024
Észak-Alföld (Hajdú-Bihar, Jász-Nagykun-Szolnok, Szabolcs-Szatmár-Bereg);1,77269109;TYWB305;2024
Észak-Magyarország (Borsod-Abaúj-Zemplén, Heves, Nógrád);1,74061578;TYWB305;2024
Közép-Dunántúl (Fejér, Komárom-Esztergom, Veszprém);1,9246165;TYWB305;2024
Nyugat-Dunántúl (Győr-Moson-Sopron, Vas, Zala);1,73603124;TYWB305;2024
Pest (Pest);1,9510068;TYWB305;2024
Budapest (Budapest);31,80763097;TYWB306;2024
Dél-Alföld (Bács-Kiskun, Békés, Csongrád);35,92079296;TYWB306;2024
Dél-Alföld (Bács-Kiskun, Békés, Csongrád-Csanád);35,92079296;TYWB306;2024
Dél-Dunántúl (Baranya, Somogy, Tolna);35,6216702;TYWB306;2024
Észak-Alföld (Hajdú-Bihar, Jász-Nagykun-Szolnok, Szabolcs-Szatmár-Bereg);33,11113534;TYWB306;2024
Észak-Magyarország (Borsod-Abaúj-Zemplén, Heves, Nógrád);31,86000136;TYWB306;2024
Közép-Dunántúl (Fejér, Komárom-Esztergom, Veszprém);37,10540985;TYWB306;2024
Nyugat-Dunántúl (Győr-Moson-Sopron, Vas, Zala);34,9785474;TYWB306;2024
Pest (Pest);46,79332498;TYWB306;2024
Budapest (Budapest);1,9;TYWC001;2024
Dél-Alföld (Bács-Kiskun, Békés, Csongrád);-1,4;TYWC001;2024
Dél-Alföld (Bács-Kiskun, Békés, Csongrád-Csanád);-1,4;TYWC001;2024
Dél-Dunántúl (Baranya, Somogy, Tolna);-1,4;TYWC001;2024
Észak-Alföld (Hajdú-Bihar, Jász-Nagykun-Szolnok, Szabolcs-Szatmár-Bereg);-4,4;TYWC001;2024
Észak-Magyarország (Borsod-Abaúj-Zemplén, Heves, Nógrád);-4,4;TYWC001;2024
Közép-Dunántúl (Fejér, Komárom-Esztergom, Veszprém);1,9;TYWC001;2024
Nyugat-Dunántúl (Győr-Moson-Sopron, Vas, Zala);2,1;TYWC001;2024
Pest (Pest);4,9;TYWC001;2024
Budapest (Budapest);67,6;TYWC002;2024
Budapest (Budapest);69,3;TYWC002;2025
Dél-Alföld (Bács-Kiskun, Békés, Csongrád);12,4;TYWC002;2024
Dél-Alföld (Bács-Kiskun, Békés, Csongrád);13,6;TYWC002;2025
Dél-Alföld (Bács-Kiskun, Békés, Csongrád-Csanád);13,6;TYWC002;2025
Dél-Alföld (Bács-Kiskun, Békés, Csongrád-Csanád);12,4;TYWC002;2024
Dél-Dunántúl (Baranya, Somogy, Tolna);25,2;TYWC002;2024
Dél-Dunántúl (Baranya, Somogy, Tolna);27,3;TYWC002;2025
Észak-Alföld (Hajdú-Bihar, Jász-Nagykun-Szolnok, Szabolcs-Szatmár-Bereg);14,6;TYWC002;2025
Észak-Alföld (Hajdú-Bihar, Jász-Nagykun-Szolnok, Szabolcs-Szatmár-Bereg);12,7;TYWC002;2024
Észak-Magyarország (Borsod-Abaúj-Zemplén, Heves, Nógrád);12,3;TYWC002;2024
Észak-Magyarország (Borsod-Abaúj-Zemplén, Heves, Nógrád);12;TYWC002;2025
Közép-Dunántúl (Fejér, Komárom-Esztergom, Veszprém);19,4;TYWC002;2024
Közép-Dunántúl (Fejér, Komárom-Esztergom, Veszprém);17,4;TYWC002;2025
Nyugat-Dunántúl (Győr-Moson-Sopron, Vas, Zala);32,1;TYWC002;2024
Nyugat-Dunántúl (Győr-Moson-Sopron, Vas, Zala);31,2;TYWC002;2025
Pest (Pest);13,1;TYWC002;2025
Pest (Pest);13,2;TYWC002;2024
Budapest (Budapest);13,1;TYWC003;2024
Dél-Alföld (Bács-Kiskun, Békés, Csongrád);3,3;TYWC003;2024
Dél-Alföld (Bács-Kiskun, Békés, Csongrád-Csanád);3,3;TYWC003;2024
Dél-Dunántúl (Baranya, Somogy, Tolna);5,5;TYWC003;2024
Észak-Alföld (Hajdú-Bihar, Jász-Nagykun-Szolnok, Szabolcs-Szatmár-Bereg);4,6;TYWC003;2024
Észak-Magyarország (Borsod-Abaúj-Zemplén, Heves, Nógrád);2,1;TYWC003;2024
Közép-Dunántúl (Fejér, Komárom-Esztergom, Veszprém);2,8;TYWC003;2024
Nyugat-Dunántúl (Győr-Moson-Sopron, Vas, Zala);4;TYWC003;2024
Pest (Pest);2,2;TYWC003;2024
Budapest (Budapest);12;TYWC004;2024
Dél-Alföld (Bács-Kiskun, Békés, Csongrád);2;TYWC004;2024
Dél-Alföld (Bács-Kiskun, Békés, Csongrád-Csanád);2;TYWC004;2024
Dél-Dunántúl (Baranya, Somogy, Tolna);3,4;TYWC004;2024
Észak-Alföld (Hajdú-Bihar, Jász-Nagykun-Szolnok, Szabolcs-Szatmár-Bereg);2,6;TYWC004;2024
Észak-Magyarország (Borsod-Abaúj-Zemplén, Heves, Nógrád);2,3;TYWC004;2024
Közép-Dunántúl (Fejér, Komárom-Esztergom, Veszprém);4,3;TYWC004;2024
Nyugat-Dunántúl (Győr-Moson-Sopron, Vas, Zala);4,4;TYWC004;2024
Pest (Pest);2;TYWC004;2024
Budapest (Budapest);2,4;TYWC005;2024
Dél-Alföld (Bács-Kiskun, Békés, Csongrád);4,1;TYWC005;2024
Dél-Alföld (Bács-Kiskun, Békés, Csongrád-Csanád);4,1;TYWC005;2024
Dél-Dunántúl (Baranya, Somogy, Tolna);6,2;TYWC005;2024
Észak-Alföld (Hajdú-Bihar, Jász-Nagykun-Szolnok, Szabolcs-Szatmár-Bereg);3,1;TYWC005;2024
Észak-Magyarország (Borsod-Abaúj-Zemplén, Heves, Nógrád);3,5;TYWC005;2024
Közép-Dunántúl (Fejér, Komárom-Esztergom, Veszprém);3,6;TYWC005;2024
Nyugat-Dunántúl (Győr-Moson-Sopron, Vas, Zala);12,4;TYWC005;2024
Pest (Pest);2,3;TYWC005;2024
Budapest (Budapest);1,4;TYWC006;2024
Dél-Alföld (Bács-Kiskun, Békés, Csongrád);3,1;TYWC006;2024
Dél-Alföld (Bács-Kiskun, Békés, Csongrád-Csanád);3,1;TYWC006;2024
Dél-Dunántúl (Baranya, Somogy, Tolna);4,8;TYWC006;2024
Észak-Alföld (Hajdú-Bihar, Jász-Nagykun-Szolnok, Szabolcs-Szatmár-Bereg);2,1;TYWC006;2024
Észak-Magyarország (Borsod-Abaúj-Zemplén, Heves, Nógrád);2,8;TYWC006;2024
Közép-Dunántúl (Fejér, Komárom-Esztergom, Veszprém);2,6;TYWC006;2024
Nyugat-Dunántúl (Győr-Moson-Sopron, Vas, Zala);8,4;TYWC006;2024
Pest (Pest);1,5;TYWC006;2024
Budapest (Budapest);-0,6;TYWC007;2024
Dél-Alföld (Bács-Kiskun, Békés, Csongrád);-0,9;TYWC007;2024
Dél-Alföld (Bács-Kiskun, Békés, Csongrád-Csanád);-0,9;TYWC007;2024
Dél-Dunántúl (Baranya, Somogy, Tolna);-0,7;TYWC007;2024
Észak-Alföld (Hajdú-Bihar, Jász-Nagykun-Szolnok, Szabolcs-Szatmár-Bereg);-2,9;TYWC007;2024
Észak-Magyarország (Borsod-Abaúj-Zemplén, Heves, Nógrád);-2,6;TYWC007;2024
Közép-Dunántúl (Fejér, Komárom-Esztergom, Veszprém);1,6;TYWC007;2024
Nyugat-Dunántúl (Győr-Moson-Sopron, Vas, Zala);2,1;TYWC007;2024
Pest (Pest);4,3;TYWC007;2024
Budapest (Budapest);2,4;TYWC008;2024
Dél-Alföld (Bács-Kiskun, Békés, Csongrád);-0,5;TYWC008;2024
Dél-Alföld (Bács-Kiskun, Békés, Csongrád-Csanád);-0,5;TYWC008;2024
Dél-Dunántúl (Baranya, Somogy, Tolna);-0,7;TYWC008;2024
Észak-Alföld (Hajdú-Bihar, Jász-Nagykun-Szolnok, Szabolcs-Szatmár-Bereg);-1,5;TYWC008;2024
Észak-Magyarország (Borsod-Abaúj-Zemplén, Heves, Nógrád);-1,8;TYWC008;2024
Közép-Dunántúl (Fejér, Komárom-Esztergom, Veszprém);0,3;TYWC008;2024
Nyugat-Dunántúl (Győr-Moson-Sopron, Vas, Zala);0;TYWC008;2024
Pest (Pest);0,6;TYWC008;2024
Budapest (Budapest);0,4;TYWC009;2024
Dél-Alföld (Bács-Kiskun, Békés, Csongrád);0,1;TYWC009;2024
Dél-Alföld (Bács-Kiskun, Békés, Csongrád-Csanád);0,1;TYWC009;2024
Dél-Dunántúl (Baranya, Somogy, Tolna);0,1;TYWC009;2024
Észak-Alföld (Hajdú-Bihar, Jász-Nagykun-Szolnok, Szabolcs-Szatmár-Bereg);0,1;TYWC009;2024
Észak-Magyarország (Borsod-Abaúj-Zemplén, Heves, Nógrád);0,1;TYWC009;2024
Közép-Dunántúl (Fejér, Komárom-Esztergom, Veszprém);0,1;TYWC009;2024
Nyugat-Dunántúl (Győr-Moson-Sopron, Vas, Zala);0,2;TYWC009;2024
Pest (Pest);0,2;TYWC009;2024
Budapest (Budapest);65,6;TYWC010;2024
Budapest (Budapest);66,3;TYWC010;2025
Dél-Alföld (Bács-Kiskun, Békés, Csongrád);50,6;TYWC010;2025
Dél-Alföld (Bács-Kiskun, Békés, Csongrád);49,8;TYWC010;2024
Dél-Alföld (Bács-Kiskun, Békés, Csongrád-Csanád);49,8;TYWC010;2024
Dél-Alföld (Bács-Kiskun, Békés, Csongrád-Csanád);50,6;TYWC010;2025
Dél-Dunántúl (Baranya, Somogy, Tolna);31,6;TYWC010;2025
Dél-Dunántúl (Baranya, Somogy, Tolna);31,4;TYWC010;2024
Észak-Alföld (Hajdú-Bihar, Jász-Nagykun-Szolnok, Szabolcs-Szatmár-Bereg);51,7;TYWC010;2025
Észak-Alföld (Hajdú-Bihar, Jász-Nagykun-Szolnok, Szabolcs-Szatmár-Bereg);50,5;TYWC010;2024
Észak-Magyarország (Borsod-Abaúj-Zemplén, Heves, Nógrád);23,7;TYWC010;2024
Észak-Magyarország (Borsod-Abaúj-Zemplén, Heves, Nógrád);24,4;TYWC010;2025
Közép-Dunántúl (Fejér, Komárom-Esztergom, Veszprém);35,6;TYWC010;2024
Közép-Dunántúl (Fejér, Komárom-Esztergom, Veszprém);36,3;TYWC010;2025
Nyugat-Dunántúl (Győr-Moson-Sopron, Vas, Zala);34,4;TYWC010;2024
Nyugat-Dunántúl (Győr-Moson-Sopron, Vas, Zala);35,7;TYWC010;2025
Pest (Pest);55,9;TYWC010;2025
Pest (Pest);55,1;TYWC010;2024
Budapest (Budapest);119,0060105;TYWF001;2024
Dél-Alföld (Bács-Kiskun, Békés, Csongrád);122,896014;TYWF001;2024
Dél-Alföld (Bács-Kiskun, Békés, Csongrád-Csanád);122,896014;TYWF001;2024
Dél-Dunántúl (Baranya, Somogy, Tolna);112,9118054;TYWF001;2024
Észak-Alföld (Hajdú-Bihar, Jász-Nagykun-Szolnok, Szabolcs-Szatmár-Bereg);105,0196849;TYWF001;2024
Észak-Magyarország (Borsod-Abaúj-Zemplén, Heves, Nógrád);96,87269173;TYWF001;2024
Közép-Dunántúl (Fejér, Komárom-Esztergom, Veszprém);99,44166923;TYWF001;2024
Nyugat-Dunántúl (Győr-Moson-Sopron, Vas, Zala);107,8782742;TYWF001;2024
Pest (Pest);82,01273226;TYWF001;2024
Budapest (Budapest);53,32869692;TYWF103;2024
Dél-Alföld (Bács-Kiskun, Békés, Csongrád);44,67102846;TYWF103;2024
Dél-Alföld (Bács-Kiskun, Békés, Csongrád-Csanád);44,67102846;TYWF103;2024
Dél-Dunántúl (Baranya, Somogy, Tolna);55,01377117;TYWF103;2024
Észak-Alföld (Hajdú-Bihar, Jász-Nagykun-Szolnok, Szabolcs-Szatmár-Bereg);37,73717892;TYWF103;2024
Észak-Magyarország (Borsod-Abaúj-Zemplén, Heves, Nógrád);45,23274814;TYWF103;2024
Közép-Dunántúl (Fejér, Komárom-Esztergom, Veszprém);49,60191939;TYWF103;2024
Nyugat-Dunántúl (Győr-Moson-Sopron, Vas, Zala);52,44111277;TYWF103;2024
Pest (Pest);31,61359564;TYWF103;2024
Budapest (Budapest);2636,003605;TYWF104;2024
Dél-Alföld (Bács-Kiskun, Békés, Csongrád);793,660904;TYWF104;2024
Dél-Alföld (Bács-Kiskun, Békés, Csongrád-Csanád);793,660904;TYWF104;2024
Dél-Dunántúl (Baranya, Somogy, Tolna);1231,816731;TYWF104;2024
Észak-Alföld (Hajdú-Bihar, Jász-Nagykun-Szolnok, Szabolcs-Szatmár-Bereg);642,5188039;TYWF104;2024
Észak-Magyarország (Borsod-Abaúj-Zemplén, Heves, Nógrád);1067,559073;TYWF104;2024
Közép-Dunántúl (Fejér, Komárom-Esztergom, Veszprém);1311,656832;TYWF104;2024
Nyugat-Dunántúl (Győr-Moson-Sopron, Vas, Zala);2152,99651;TYWF104;2024
Pest (Pest);576,1143718;TYWF104;2024
Budapest (Budapest);6449,708018;TYWF105;2024
Dél-Alföld (Bács-Kiskun, Békés, Csongrád);1719,968913;TYWF105;2024
Dél-Alföld (Bács-Kiskun, Békés, Csongrád-Csanád);1719,968913;TYWF105;2024
Dél-Dunántúl (Baranya, Somogy, Tolna);2865,419578;TYWF105;2024
Észak-Alföld (Hajdú-Bihar, Jász-Nagykun-Szolnok, Szabolcs-Szatmár-Bereg);1714,564667;TYWF105;2024
Észak-Magyarország (Borsod-Abaúj-Zemplén, Heves, Nógrád);2291,18978;TYWF105;2024
Közép-Dunántúl (Fejér, Komárom-Esztergom, Veszprém);3385,686793;TYWF105;2024
Nyugat-Dunántúl (Győr-Moson-Sopron, Vas, Zala);5491,747014;TYWF105;2024
Pest (Pest);1016,826905;TYWF105;2024
Budapest (Budapest);3994,001338;TYWF106;2024
Dél-Alföld (Bács-Kiskun, Békés, Csongrád);1138,84766;TYWF106;2024
Dél-Alföld (Bács-Kiskun, Békés, Csongrád-Csanád);1138,84766;TYWF106;2024
Dél-Dunántúl (Baranya, Somogy, Tolna);1995,977399;TYWF106;2024
Észak-Alföld (Hajdú-Bihar, Jász-Nagykun-Szolnok, Szabolcs-Szatmár-Bereg);889,3136249;TYWF106;2024
Észak-Magyarország (Borsod-Abaúj-Zemplén, Heves, Nógrád);1594,747219;TYWF106;2024
Közép-Dunántúl (Fejér, Komárom-Esztergom, Veszprém);1804,333081;TYWF106;2024
Nyugat-Dunántúl (Győr-Moson-Sopron, Vas, Zala);2710,83205;TYWF106;2024
Pest (Pest);728,8887193;TYWF106;2024
Budapest (Budapest);9751,985659;TYWF107;2024
Dél-Alföld (Bács-Kiskun, Békés, Csongrád);2630,978277;TYWF107;2024
Dél-Alföld (Bács-Kiskun, Békés, Csongrád-Csanád);2630,978277;TYWF107;2024
Dél-Dunántúl (Baranya, Somogy, Tolna);5226,03993;TYWF107;2024
Észak-Alföld (Hajdú-Bihar, Jász-Nagykun-Szolnok, Szabolcs-Szatmár-Bereg);2498,283954;TYWF107;2024
Észak-Magyarország (Borsod-Abaúj-Zemplén, Heves, Nógrád);3517,076528;TYWF107;2024
Közép-Dunántúl (Fejér, Komárom-Esztergom, Veszprém);4716,747735;TYWF107;2024
Nyugat-Dunántúl (Győr-Moson-Sopron, Vas, Zala);7048,042462;TYWF107;2024
Pest (Pest);1366,59347;TYWF107;2024
Budapest (Budapest);392,9364251;TYWF108;2024
Dél-Alföld (Bács-Kiskun, Békés, Csongrád);204,0607722;TYWF108;2024
Dél-Alföld (Bács-Kiskun, Békés, Csongrád-Csanád);204,0607722;TYWF108;2024
Dél-Dunántúl (Baranya, Somogy, Tolna);637,4221308;TYWF108;2024
Észak-Alföld (Hajdú-Bihar, Jász-Nagykun-Szolnok, Szabolcs-Szatmár-Bereg);218,7706325;TYWF108;2024
Észak-Magyarország (Borsod-Abaúj-Zemplén, Heves, Nógrád);275,6866051;TYWF108;2024
Közép-Dunántúl (Fejér, Komárom-Esztergom, Veszprém);528,5639131;TYWF108;2024
Nyugat-Dunántúl (Győr-Moson-Sopron, Vas, Zala);476,5974737;TYWF108;2024
Pest (Pest);120,3621792;TYWF108;2024
Budapest (Budapest);654,5894308;TYWF109;2024
Dél-Alföld (Bács-Kiskun, Békés, Csongrád);413,2661466;TYWF109;2024
Dél-Alföld (Bács-Kiskun, Békés, Csongrád-Csanád);413,2661466;TYWF109;2024
Dél-Dunántúl (Baranya, Somogy, Tolna);1369,51665;TYWF109;2024
Észak-Alföld (Hajdú-Bihar, Jász-Nagykun-Szolnok, Szabolcs-Szatmár-Bereg);392,6263264;TYWF109;2024
Észak-Magyarország (Borsod-Abaúj-Zemplén, Heves, Nógrád);596,1023361;TYWF109;2024
Közép-Dunántúl (Fejér, Komárom-Esztergom, Veszprém);881,8087291;TYWF109;2024
Nyugat-Dunántúl (Győr-Moson-Sopron, Vas, Zala);840,0941088;TYWF109;2024
Pest (Pest);192,9896253;TYWF109;2024
Budapest (Budapest);577,7657252;TYWG001;2024
Dél-Alföld (Bács-Kiskun, Békés, Csongrád);520,053389;TYWG001;2024
Dél-Alföld (Bács-Kiskun, Békés, Csongrád-Csanád);520,053389;TYWG001;2024
Dél-Dunántúl (Baranya, Somogy, Tolna);497,5330094;TYWG001;2024
Észak-Alföld (Hajdú-Bihar, Jász-Nagykun-Szolnok, Szabolcs-Szatmár-Bereg);451,9766169;TYWG001;2024
Észak-Magyarország (Borsod-Abaúj-Zemplén, Heves, Nógrád);476,3623917;TYWG001;2024
Közép-Dunántúl (Fejér, Komárom-Esztergom, Veszprém);454,2457017;TYWG001;2024
Nyugat-Dunántúl (Győr-Moson-Sopron, Vas, Zala);474,159593;TYWG001;2024
Pest (Pest);394,1176559;TYWG001;2024
Budapest (Budapest);173,0805336;TYWG002;2024
Dél-Alföld (Bács-Kiskun, Békés, Csongrád);192,2879499;TYWG002;2024
Dél-Alföld (Bács-Kiskun, Békés, Csongrád-Csanád);192,2879499;TYWG002;2024
Dél-Dunántúl (Baranya, Somogy, Tolna);200,9916892;TYWG002;2024
Észak-Alföld (Hajdú-Bihar, Jász-Nagykun-Szolnok, Szabolcs-Szatmár-Bereg);221,2503839;TYWG002;2024
Észak-Magyarország (Borsod-Abaúj-Zemplén, Heves, Nógrád);209,9242126;TYWG002;2024
Közép-Dunántúl (Fejér, Komárom-Esztergom, Veszprém);220,1451761;TYWG002;2024
Nyugat-Dunántúl (Győr-Moson-Sopron, Vas, Zala);210,8994556;TYWG002;2024
Pest (Pest);253,7313376;TYWG002;2024
Budapest (Budapest);4,16855632;TYWG004;2024
Dél-Alföld (Bács-Kiskun, Békés, Csongrád);1,05147071;TYWG004;2024
Dél-Alföld (Bács-Kiskun, Békés, Csongrád-Csanád);1,05147071;TYWG004;2024
Dél-Dunántúl (Baranya, Somogy, Tolna);2,09374761;TYWG004;2024
Észak-Alföld (Hajdú-Bihar, Jász-Nagykun-Szolnok, Szabolcs-Szatmár-Bereg);1,6844868;TYWG004;2024
Észak-Magyarország (Borsod-Abaúj-Zemplén, Heves, Nógrád);0,5056693;TYWG004;2024
Közép-Dunántúl (Fejér, Komárom-Esztergom, Veszprém);1,87718879;TYWG004;2024
Nyugat-Dunántúl (Győr-Moson-Sopron, Vas, Zala);2,48851592;TYWG004;2024
Pest (Pest);2,34735189;TYWG004;2024
Budapest (Budapest);261,1465446;TYWG005;2024
Dél-Alföld (Bács-Kiskun, Békés, Csongrád);284,1611966;TYWG005;2024
Dél-Alföld (Bács-Kiskun, Békés, Csongrád-Csanád);284,1611966;TYWG005;2024
Dél-Dunántúl (Baranya, Somogy, Tolna);306,5479047;TYWG005;2024
Észak-Alföld (Hajdú-Bihar, Jász-Nagykun-Szolnok, Szabolcs-Szatmár-Bereg);284,1810796;TYWG005;2024
Észak-Magyarország (Borsod-Abaúj-Zemplén, Heves, Nógrád);288,1780681;TYWG005;2024
Közép-Dunántúl (Fejér, Komárom-Esztergom, Veszprém);296,507773;TYWG005;2024
Nyugat-Dunántúl (Győr-Moson-Sopron, Vas, Zala);303,7953017;TYWG005;2024
Pest (Pest);336,2157564;TYWG005;2024
Budapest (Budapest);66,40681514;TYWG006;2024
Dél-Alföld (Bács-Kiskun, Békés, Csongrád);81,637808;TYWG006;2024
Dél-Alföld (Bács-Kiskun, Békés, Csongrád-Csanád);81,637808;TYWG006;2024
Dél-Dunántúl (Baranya, Somogy, Tolna);83,4372936;TYWG006;2024
Észak-Alföld (Hajdú-Bihar, Jász-Nagykun-Szolnok, Szabolcs-Szatmár-Bereg);80,86963087;TYWG006;2024
Észak-Magyarország (Borsod-Abaúj-Zemplén, Heves, Nógrád);82,18713866;TYWG006;2024
Közép-Dunántúl (Fejér, Komárom-Esztergom, Veszprém);81,92415951;TYWG006;2024
Nyugat-Dunántúl (Győr-Moson-Sopron, Vas, Zala);85,27687158;TYWG006;2024
Pest (Pest);92,45277386;TYWG006;2024
Budapest (Budapest);16,75283673;TYWG008;2024
Dél-Alföld (Bács-Kiskun, Békés, Csongrád);8,61260418;TYWG008;2024
Dél-Alföld (Bács-Kiskun, Békés, Csongrád-Csanád);8,61260418;TYWG008;2024
Dél-Dunántúl (Baranya, Somogy, Tolna);6,90689906;TYWG008;2024
Észak-Alföld (Hajdú-Bihar, Jász-Nagykun-Szolnok, Szabolcs-Szatmár-Bereg);8,23017961;TYWG008;2024
Észak-Magyarország (Borsod-Abaúj-Zemplén, Heves, Nógrád);7,60419053;TYWG008;2024
Közép-Dunántúl (Fejér, Komárom-Esztergom, Veszprém);7,9733774;TYWG008;2024
Nyugat-Dunántúl (Győr-Moson-Sopron, Vas, Zala);7,48370567;TYWG008;2024
Pest (Pest);5,94955507;TYWG008;2024
Budapest (Budapest);36,18670249;TYWG009;2024
Dél-Alföld (Bács-Kiskun, Békés, Csongrád);34,56623475;TYWG009;2024
Dél-Alföld (Bács-Kiskun, Békés, Csongrád-Csanád);34,56623475;TYWG009;2024
Dél-Dunántúl (Baranya, Somogy, Tolna);29,52591839;TYWG009;2024
Észak-Alföld (Hajdú-Bihar, Jász-Nagykun-Szolnok, Szabolcs-Szatmár-Bereg);34,32198603;TYWG009;2024
Észak-Magyarország (Borsod-Abaúj-Zemplén, Heves, Nógrád);34,34729066;TYWG009;2024
Közép-Dunántúl (Fejér, Komárom-Esztergom, Veszprém);34,08183225;TYWG009;2024
Nyugat-Dunántúl (Győr-Moson-Sopron, Vas, Zala);30,28169928;TYWG009;2024
Pest (Pest);22,69661257;TYWG009;2024
Budapest (Budapest);47,06046078;TYWG010;2024
Dél-Alföld (Bács-Kiskun, Békés, Csongrád);56,82116107;TYWG010;2024
Dél-Alföld (Bács-Kiskun, Békés, Csongrád-Csanád);56,82116107;TYWG010;2024
Dél-Dunántúl (Baranya, Somogy, Tolna);63,56718255;TYWG010;2024
Észak-Alföld (Hajdú-Bihar, Jász-Nagykun-Szolnok, Szabolcs-Szatmár-Bereg);57,44783437;TYWG010;2024
Észak-Magyarország (Borsod-Abaúj-Zemplén, Heves, Nógrád);58,04851881;TYWG010;2024
Közép-Dunántúl (Fejér, Komárom-Esztergom, Veszprém);57,94479035;TYWG010;2024
Nyugat-Dunántúl (Győr-Moson-Sopron, Vas, Zala);62,23459504;TYWG010;2024
Pest (Pest);71,35383236;TYWG010;2024
Budapest (Budapest);27,32964133;TYWG101;2024
Dél-Alföld (Bács-Kiskun, Békés, Csongrád);10,02643409;TYWG101;2024
Dél-Alföld (Bács-Kiskun, Békés, Csongrád-Csanád);10,02643409;TYWG101;2024
Dél-Dunántúl (Baranya, Somogy, Tolna);8,43151455;TYWG101;2024
Észak-Alföld (Hajdú-Bihar, Jász-Nagykun-Szolnok, Szabolcs-Szatmár-Bereg);7,24279127;TYWG101;2024
Észak-Magyarország (Borsod-Abaúj-Zemplén, Heves, Nógrád);2,67216068;TYWG101;2024
Közép-Dunántúl (Fejér, Komárom-Esztergom, Veszprém);12,18892165;TYWG101;2024
Nyugat-Dunántúl (Győr-Moson-Sopron, Vas, Zala);16,71620183;TYWG101;2024
Pest (Pest);19,20288186;TYWG101;2024
Budapest (Budapest);19360,03855;TYWJ001;2024
Dél-Alföld (Bács-Kiskun, Békés, Csongrád);28463,73975;TYWJ001;2024
Dél-Alföld (Bács-Kiskun, Békés, Csongrád-Csanád);28463,73975;TYWJ001;2024
Dél-Dunántúl (Baranya, Somogy, Tolna);28605,16627;TYWJ001;2024
Észak-Alföld (Hajdú-Bihar, Jász-Nagykun-Szolnok, Szabolcs-Szatmár-Bereg);32580,00639;TYWJ001;2024
Észak-Magyarország (Borsod-Abaúj-Zemplén, Heves, Nógrád);31865,03748;TYWJ001;2024
Közép-Dunántúl (Fejér, Komárom-Esztergom, Veszprém);31093,82423;TYWJ001;2024
Nyugat-Dunántúl (Győr-Moson-Sopron, Vas, Zala);29501,29676;TYWJ001;2024
Pest (Pest);28118,25055;TYWJ001;2024
Budapest (Budapest);16338,61132;TYWJ002;2024
Dél-Alföld (Bács-Kiskun, Békés, Csongrád);19863,56322;TYWJ002;2024
Dél-Alföld (Bács-Kiskun, Békés, Csongrád-Csanád);19863,56322;TYWJ002;2024
Dél-Dunántúl (Baranya, Somogy, Tolna);18681,22689;TYWJ002;2024
Észak-Alföld (Hajdú-Bihar, Jász-Nagykun-Szolnok, Szabolcs-Szatmár-Bereg);21312,48588;TYWJ002;2024
Észak-Magyarország (Borsod-Abaúj-Zemplén, Heves, Nógrád);23508,67925;TYWJ002;2024
Közép-Dunántúl (Fejér, Komárom-Esztergom, Veszprém);22084,82353;TYWJ002;2024
Nyugat-Dunántúl (Győr-Moson-Sopron, Vas, Zala);20815,15789;TYWJ002;2024
Pest (Pest);21959,16201;TYWJ002;2024
Budapest (Budapest);1174,225129;TYWJ003;2024
Dél-Alföld (Bács-Kiskun, Békés, Csongrád);646,4855286;TYWJ003;2024
Dél-Alföld (Bács-Kiskun, Békés, Csongrád-Csanád);646,4855286;TYWJ003;2024
Dél-Dunántúl (Baranya, Somogy, Tolna);667,6475957;TYWJ003;2024
Észak-Alföld (Hajdú-Bihar, Jász-Nagykun-Szolnok, Szabolcs-Szatmár-Bereg);673,2784746;TYWJ003;2024
Észak-Magyarország (Borsod-Abaúj-Zemplén, Heves, Nógrád);576,3775429;TYWJ003;2024
Közép-Dunántúl (Fejér, Komárom-Esztergom, Veszprém);527,2238854;TYWJ003;2024
Nyugat-Dunántúl (Győr-Moson-Sopron, Vas, Zala);546,5926042;TYWJ003;2024
Pest (Pest);302,9550935;TYWJ003;2024
Budapest (Budapest);93,00330107;TYWJ004;2024
Dél-Alföld (Bács-Kiskun, Békés, Csongrád);65,02979899;TYWJ004;2024
Dél-Alföld (Bács-Kiskun, Békés, Csongrád-Csanád);65,02979899;TYWJ004;2024
Dél-Dunántúl (Baranya, Somogy, Tolna);68,50124709;TYWJ004;2024
Észak-Alföld (Hajdú-Bihar, Jász-Nagykun-Szolnok, Szabolcs-Szatmár-Bereg);60,76642362;TYWJ004;2024
Észak-Magyarország (Borsod-Abaúj-Zemplén, Heves, Nógrád);70,96411971;TYWJ004;2024
Közép-Dunántúl (Fejér, Komárom-Esztergom, Veszprém);62,27352595;TYWJ004;2024
Nyugat-Dunántúl (Győr-Moson-Sopron, Vas, Zala);67,78047171;TYWJ004;2024
Pest (Pest);21,90648543;TYWJ004;2024
Budapest (Budapest);77,0705592;TYWJ005;2024
Dél-Alföld (Bács-Kiskun, Békés, Csongrád);45,36373351;TYWJ005;2024
Dél-Alföld (Bács-Kiskun, Békés, Csongrád-Csanád);45,36373351;TYWJ005;2024
Dél-Dunántúl (Baranya, Somogy, Tolna);45,2380108;TYWJ005;2024
Észak-Alföld (Hajdú-Bihar, Jász-Nagykun-Szolnok, Szabolcs-Szatmár-Bereg);42,16753955;TYWJ005;2024
Észak-Magyarország (Borsod-Abaúj-Zemplén, Heves, Nógrád);28,5012945;TYWJ005;2024
Közép-Dunántúl (Fejér, Komárom-Esztergom, Veszprém);30,31862622;TYWJ005;2024
Nyugat-Dunántúl (Győr-Moson-Sopron, Vas, Zala);40,32353222;TYWJ005;2024
Pest (Pest);35,13869118;TYWJ005;2024
Budapest (Budapest);3866,080275;TYWJ006;2024
Dél-Alföld (Bács-Kiskun, Békés, Csongrád);3453,424419;TYWJ006;2024
Dél-Alföld (Bács-Kiskun, Békés, Csongrád-Csanád);3453,424419;TYWJ006;2024
Dél-Dunántúl (Baranya, Somogy, Tolna);3860,05;TYWJ006;2024
Észak-Alföld (Hajdú-Bihar, Jász-Nagykun-Szolnok, Szabolcs-Szatmár-Bereg);3863,67867;TYWJ006;2024
Észak-Magyarország (Borsod-Abaúj-Zemplén, Heves, Nógrád);4293,482072;TYWJ006;2024
Közép-Dunántúl (Fejér, Komárom-Esztergom, Veszprém);4392,3;TYWJ006;2024
Nyugat-Dunántúl (Győr-Moson-Sopron, Vas, Zala);4772,117073;TYWJ006;2024
Pest (Pest);4961,446097;TYWJ006;2024
Budapest (Budapest);7496,533786;TYWJ007;2024
Dél-Alföld (Bács-Kiskun, Békés, Csongrád);3980,493661;TYWJ007;2024
Dél-Alföld (Bács-Kiskun, Békés, Csongrád-Csanád);3980,493661;TYWJ007;2024
Dél-Dunántúl (Baranya, Somogy, Tolna);3784,257797;TYWJ007;2024
Észak-Alföld (Hajdú-Bihar, Jász-Nagykun-Szolnok, Szabolcs-Szatmár-Bereg);4262,345589;TYWJ007;2024
Észak-Magyarország (Borsod-Abaúj-Zemplén, Heves, Nógrád);3750,885965;TYWJ007;2024
Közép-Dunántúl (Fejér, Komárom-Esztergom, Veszprém);3222,527309;TYWJ007;2024
Nyugat-Dunántúl (Győr-Moson-Sopron, Vas, Zala);3323,658793;TYWJ007;2024
Pest (Pest);1847,68893;TYWJ007;2024
Budapest (Budapest);354,1844991;TYWJ008;2024
Dél-Alföld (Bács-Kiskun, Békés, Csongrád);190,4665533;TYWJ008;2024
Dél-Alföld (Bács-Kiskun, Békés, Csongrád-Csanád);190,4665533;TYWJ008;2024
Dél-Dunántúl (Baranya, Somogy, Tolna);199,2850876;TYWJ008;2024
Észak-Alföld (Hajdú-Bihar, Jász-Nagykun-Szolnok, Szabolcs-Szatmár-Bereg);167,6612955;TYWJ008;2024
Észak-Magyarország (Borsod-Abaúj-Zemplén, Heves, Nógrád);158,3404583;TYWJ008;2024
Közép-Dunántúl (Fejér, Komárom-Esztergom, Veszprém);134,1250915;TYWJ008;2024
Nyugat-Dunántúl (Győr-Moson-Sopron, Vas, Zala);138,6064515;TYWJ008;2024
Pest (Pest);90,24200651;TYWJ008;2024
Budapest (Budapest);6,50962947;TYWJ009;2024
Dél-Alföld (Bács-Kiskun, Békés, Csongrád);6,45335286;TYWJ009;2024
Dél-Alföld (Bács-Kiskun, Békés, Csongrád-Csanád);6,45335286;TYWJ009;2024
Dél-Dunántúl (Baranya, Somogy, Tolna);6,92902721;TYWJ009;2024
Észak-Alföld (Hajdú-Bihar, Jász-Nagykun-Szolnok, Szabolcs-Szatmár-Bereg);6,95672306;TYWJ009;2024
Észak-Magyarország (Borsod-Abaúj-Zemplén, Heves, Nógrád);8,38611604;TYWJ009;2024
Közép-Dunántúl (Fejér, Komárom-Esztergom, Veszprém);8,24928425;TYWJ009;2024
Nyugat-Dunántúl (Győr-Moson-Sopron, Vas, Zala);7,78877995;TYWJ009;2024
Pest (Pest);8,91987629;TYWJ009;2024
Budapest (Budapest);35,09922048;TYWJ010;2024
Dél-Alföld (Bács-Kiskun, Békés, Csongrád);21,84432509;TYWJ010;2024
Dél-Alföld (Bács-Kiskun, Békés, Csongrád-Csanád);21,84432509;TYWJ010;2024
Dél-Dunántúl (Baranya, Somogy, Tolna);23,93572737;TYWJ010;2024
Észak-Alföld (Hajdú-Bihar, Jász-Nagykun-Szolnok, Szabolcs-Szatmár-Bereg);20,61334251;TYWJ010;2024
Észak-Magyarország (Borsod-Abaúj-Zemplén, Heves, Nógrád);19,0432273;TYWJ010;2024
Közép-Dunántúl (Fejér, Komárom-Esztergom, Veszprém);18,28850466;TYWJ010;2024
Nyugat-Dunántúl (Győr-Moson-Sopron, Vas, Zala);19,46921203;TYWJ010;2024
Pest (Pest);5,98368692;TYWJ010;2024
Budapest (Budapest);13,05730735;TYWJ104;2024
Dél-Alföld (Bács-Kiskun, Békés, Csongrád);22,00760349;TYWJ104;2024
Dél-Alföld (Bács-Kiskun, Békés, Csongrád-Csanád);22,00760349;TYWJ104;2024
Dél-Dunántúl (Baranya, Somogy, Tolna);24,06848702;TYWJ104;2024
Észak-Alföld (Hajdú-Bihar, Jász-Nagykun-Szolnok, Szabolcs-Szatmár-Bereg);36,2274527;TYWJ104;2024
Észak-Magyarország (Borsod-Abaúj-Zemplén, Heves, Nógrád);36,49311982;TYWJ104;2024
Közép-Dunántúl (Fejér, Komárom-Esztergom, Veszprém);16,95992244;TYWJ104;2024
Nyugat-Dunántúl (Győr-Moson-Sopron, Vas, Zala);13,35693233;TYWJ104;2024
Pest (Pest);14,96066857;TYWJ104;2024
Budapest (Budapest);10,46070771;TYWJ105;2024
Dél-Alföld (Bács-Kiskun, Békés, Csongrád);64,4574973;TYWJ105;2024
Dél-Alföld (Bács-Kiskun, Békés, Csongrád-Csanád);64,4574973;TYWJ105;2024
Dél-Dunántúl (Baranya, Somogy, Tolna);109,7380325;TYWJ105;2024
Észak-Alföld (Hajdú-Bihar, Jász-Nagykun-Szolnok, Szabolcs-Szatmár-Bereg);166,0417117;TYWJ105;2024
Észak-Magyarország (Borsod-Abaúj-Zemplén, Heves, Nógrád);201,0229868;TYWJ105;2024
Közép-Dunántúl (Fejér, Komárom-Esztergom, Veszprém);34,45436294;TYWJ105;2024
Nyugat-Dunántúl (Győr-Moson-Sopron, Vas, Zala);28,81730309;TYWJ105;2024
Pest (Pest);31,6398852;TYWJ105;2024
Budapest (Budapest);2,16390287;TYWJ106;2024
Dél-Alföld (Bács-Kiskun, Békés, Csongrád);5,51965302;TYWJ106;2024
Dél-Alföld (Bács-Kiskun, Békés, Csongrád-Csanád);5,51965302;TYWJ106;2024
Dél-Dunántúl (Baranya, Somogy, Tolna);14,75615022;TYWJ106;2024
Észak-Alföld (Hajdú-Bihar, Jász-Nagykun-Szolnok, Szabolcs-Szatmár-Bereg);15,95912297;TYWJ106;2024
Észak-Magyarország (Borsod-Abaúj-Zemplén, Heves, Nógrád);26,26840832;TYWJ106;2024
Közép-Dunántúl (Fejér, Komárom-Esztergom, Veszprém);4,00223879;TYWJ106;2024
Nyugat-Dunántúl (Győr-Moson-Sopron, Vas, Zala);3,25994388;TYWJ106;2024
Pest (Pest);3,15500082;TYWJ106;2024
Budapest (Budapest);22,83313227;TYWJ107;2024
Dél-Alföld (Bács-Kiskun, Békés, Csongrád);27,43399239;TYWJ107;2024
Dél-Alföld (Bács-Kiskun, Békés, Csongrád-Csanád);27,43399239;TYWJ107;2024
Dél-Dunántúl (Baranya, Somogy, Tolna);28,46294786;TYWJ107;2024
Észak-Alföld (Hajdú-Bihar, Jász-Nagykun-Szolnok, Szabolcs-Szatmár-Bereg);24,00939006;TYWJ107;2024
Észak-Magyarország (Borsod-Abaúj-Zemplén, Heves, Nógrád);25,91995016;TYWJ107;2024
Közép-Dunántúl (Fejér, Komárom-Esztergom, Veszprém);25,45936952;TYWJ107;2024
Nyugat-Dunántúl (Győr-Moson-Sopron, Vas, Zala);25,49986302;TYWJ107;2024
Pest (Pest);21,26478332;TYWJ107;2024
Budapest (Budapest);289024,7848;TYWJ108;2024
Dél-Alföld (Bács-Kiskun, Békés, Csongrád);219784,0421;TYWJ108;2024
Dél-Alföld (Bács-Kiskun, Békés, Csongrád-Csanád);219784,0421;TYWJ108;2024
Dél-Dunántúl (Baranya, Somogy, Tolna);231849,9243;TYWJ108;2024
Észak-Alföld (Hajdú-Bihar, Jász-Nagykun-Szolnok, Szabolcs-Szatmár-Bereg);223339,0437;TYWJ108;2024
Észak-Magyarország (Borsod-Abaúj-Zemplén, Heves, Nógrád);236216,3079;TYWJ108;2024
Közép-Dunántúl (Fejér, Komárom-Esztergom, Veszprém);250609,1613;TYWJ108;2024
Nyugat-Dunántúl (Győr-Moson-Sopron, Vas, Zala);239693,8775;TYWJ108;2024
Pest (Pest);253987,6883;TYWJ108;2024
Budapest (Budapest);0;TYWJ109;2024
Dél-Alföld (Bács-Kiskun, Békés, Csongrád);69,29133858;TYWJ109;2024
Dél-Alföld (Bács-Kiskun, Békés, Csongrád-Csanád);69,29133858;TYWJ109;2024
Dél-Dunántúl (Baranya, Somogy, Tolna);15,09146341;TYWJ109;2024
Észak-Alföld (Hajdú-Bihar, Jász-Nagykun-Szolnok, Szabolcs-Szatmár-Bereg);64,01028278;TYWJ109;2024
Észak-Magyarország (Borsod-Abaúj-Zemplén, Heves, Nógrád);30,49180328;TYWJ109;2024
Közép-Dunántúl (Fejér, Komárom-Esztergom, Veszprém);25,93516209;TYWJ109;2024
Nyugat-Dunántúl (Győr-Moson-Sopron, Vas, Zala);15,37290715;TYWJ109;2024
Pest (Pest);48,12834225;TYWJ109;2024
Budapest (Budapest);0;TYWJ110;2024
Dél-Alföld (Bács-Kiskun, Békés, Csongrád);77,95275591;TYWJ110;2024
Dél-Alföld (Bács-Kiskun, Békés, Csongrád-Csanád);77,95275591;TYWJ110;2024
Dél-Dunántúl (Baranya, Somogy, Tolna);35,36585366;TYWJ110;2024
Észak-Alföld (Hajdú-Bihar, Jász-Nagykun-Szolnok, Szabolcs-Szatmár-Bereg);69,40874036;TYWJ110;2024
Észak-Magyarország (Borsod-Abaúj-Zemplén, Heves, Nógrád);67,37704918;TYWJ110;2024
Közép-Dunántúl (Fejér, Komárom-Esztergom, Veszprém);59,60099751;TYWJ110;2024
Nyugat-Dunántúl (Győr-Moson-Sopron, Vas, Zala);42,61796043;TYWJ110;2024
Pest (Pest);58,82352941;TYWJ110;2024
Budapest (Budapest);1,41009216;TYWJ111;2024
Dél-Alföld (Bács-Kiskun, Békés, Csongrád);3,64050297;TYWJ111;2024
Dél-Alföld (Bács-Kiskun, Békés, Csongrád-Csanád);3,64050297;TYWJ111;2024
Dél-Dunántúl (Baranya, Somogy, Tolna);3,81952079;TYWJ111;2024
Észak-Alföld (Hajdú-Bihar, Jász-Nagykun-Szolnok, Szabolcs-Szatmár-Bereg);2,74042258;TYWJ111;2024
Észak-Magyarország (Borsod-Abaúj-Zemplén, Heves, Nógrád);2,59682606;TYWJ111;2024
Közép-Dunántúl (Fejér, Komárom-Esztergom, Veszprém);2,30971423;TYWJ111;2024
Nyugat-Dunántúl (Győr-Moson-Sopron, Vas, Zala);2,32173254;TYWJ111;2024
Pest (Pest);1,8696478;TYWJ111;2024
Budapest (Budapest);203,3788044;TYWJ112;2024
Dél-Alföld (Bács-Kiskun, Békés, Csongrád);361,0406091;TYWJ112;2024
Dél-Alföld (Bács-Kiskun, Békés, Csongrád-Csanád);361,0406091;TYWJ112;2024
Dél-Dunántúl (Baranya, Somogy, Tolna);363,3562109;TYWJ112;2024
Észak-Alföld (Hajdú-Bihar, Jász-Nagykun-Szolnok, Szabolcs-Szatmár-Bereg);349,7190146;TYWJ112;2024
Észak-Magyarország (Borsod-Abaúj-Zemplén, Heves, Nógrád);300,2300239;TYWJ112;2024
Közép-Dunántúl (Fejér, Komárom-Esztergom, Veszprém);268,5768674;TYWJ112;2024
Nyugat-Dunántúl (Győr-Moson-Sopron, Vas, Zala);253,5612536;TYWJ112;2024
Pest (Pest);281,7896846;TYWJ112;2024
Budapest (Budapest);567,2784049;TYWJ113;2024
Dél-Alföld (Bács-Kiskun, Békés, Csongrád);356,1109895;TYWJ113;2024
Dél-Alföld (Bács-Kiskun, Békés, Csongrád-Csanád);356,1109895;TYWJ113;2024
Dél-Dunántúl (Baranya, Somogy, Tolna);435,3770335;TYWJ113;2024
Észak-Alföld (Hajdú-Bihar, Jász-Nagykun-Szolnok, Szabolcs-Szatmár-Bereg);320,0955188;TYWJ113;2024
Észak-Magyarország (Borsod-Abaúj-Zemplén, Heves, Nógrád);291,7015957;TYWJ113;2024
Közép-Dunántúl (Fejér, Komárom-Esztergom, Veszprém);312,0838218;TYWJ113;2024
Nyugat-Dunántúl (Győr-Moson-Sopron, Vas, Zala);378,9619188;TYWJ113;2024
Pest (Pest);122,822022;TYWJ113;2024
Budapest (Budapest);90,2;TYWK003;2024
Dél-Alföld (Bács-Kiskun, Békés, Csongrád);93,3;TYWK003;2024
Dél-Alföld (Bács-Kiskun, Békés, Csongrád-Csanád);93,3;TYWK003;2024
Dél-Dunántúl (Baranya, Somogy, Tolna);95,2;TYWK003;2024
Észak-Alföld (Hajdú-Bihar, Jász-Nagykun-Szolnok, Szabolcs-Szatmár-Bereg);92,8;TYWK003;2024
Észak-Magyarország (Borsod-Abaúj-Zemplén, Heves, Nógrád);92,8;TYWK003;2024
Közép-Dunántúl (Fejér, Komárom-Esztergom, Veszprém);93,8;TYWK003;2024
Nyugat-Dunántúl (Győr-Moson-Sopron, Vas, Zala);93,6;TYWK003;2024
Pest (Pest);93,2;TYWK003;2024
Budapest (Budapest);90,9;TYWK201;2024
Dél-Alföld (Bács-Kiskun, Békés, Csongrád);94,1;TYWK201;2024
Dél-Alföld (Bács-Kiskun, Békés, Csongrád-Csanád);94,1;TYWK201;2024
Dél-Dunántúl (Baranya, Somogy, Tolna);93,4;TYWK201;2024
Észak-Alföld (Hajdú-Bihar, Jász-Nagykun-Szolnok, Szabolcs-Szatmár-Bereg);93,1;TYWK201;2024
Észak-Magyarország (Borsod-Abaúj-Zemplén, Heves, Nógrád);90,8;TYWK201;2024
Közép-Dunántúl (Fejér, Komárom-Esztergom, Veszprém);95,4;TYWK201;2024
Nyugat-Dunántúl (Győr-Moson-Sopron, Vas, Zala);93,8;TYWK201;2024
Pest (Pest);94,5;TYWK201;2024
Budapest (Budapest);71,7;TYWK301;2024
Dél-Alföld (Bács-Kiskun, Békés, Csongrád);83,9;TYWK301;2024
Dél-Alföld (Bács-Kiskun, Békés, Csongrád-Csanád);83,9;TYWK301;2024
Dél-Dunántúl (Baranya, Somogy, Tolna);84,3;TYWK301;2024
Észak-Alföld (Hajdú-Bihar, Jász-Nagykun-Szolnok, Szabolcs-Szatmár-Bereg);83,5;TYWK301;2024
Észak-Magyarország (Borsod-Abaúj-Zemplén, Heves, Nógrád);78;TYWK301;2024
Közép-Dunántúl (Fejér, Komárom-Esztergom, Veszprém);87,1;TYWK301;2024
Nyugat-Dunántúl (Győr-Moson-Sopron, Vas, Zala);86,9;TYWK301;2024
Pest (Pest);96,6;TYWK301;2024
Budapest (Budapest);41,9;TYWK302;2024
Dél-Alföld (Bács-Kiskun, Békés, Csongrád);47,3;TYWK302;2024
Dél-Alföld (Bács-Kiskun, Békés, Csongrád-Csanád);47,3;TYWK302;2024
Dél-Dunántúl (Baranya, Somogy, Tolna);41,3;TYWK302;2024
Észak-Alföld (Hajdú-Bihar, Jász-Nagykun-Szolnok, Szabolcs-Szatmár-Bereg);40,1;TYWK302;2024
Észak-Magyarország (Borsod-Abaúj-Zemplén, Heves, Nógrád);40,1;TYWK302;2024
Közép-Dunántúl (Fejér, Komárom-Esztergom, Veszprém);44,1;TYWK302;2024
Nyugat-Dunántúl (Győr-Moson-Sopron, Vas, Zala);47,6;TYWK302;2024
Pest (Pest);50,1;TYWK302;2024
Budapest (Budapest);782459,0754;TYWN001;2024
Dél-Alföld (Bács-Kiskun, Békés, Csongrád);541626,4502;TYWN001;2024
Dél-Alföld (Bács-Kiskun, Békés, Csongrád-Csanád);541626,4502;TYWN001;2024
Dél-Dunántúl (Baranya, Somogy, Tolna);554138,2812;TYWN001;2024
Észak-Alföld (Hajdú-Bihar, Jász-Nagykun-Szolnok, Szabolcs-Szatmár-Bereg);523811,9132;TYWN001;2024
Észak-Magyarország (Borsod-Abaúj-Zemplén, Heves, Nógrád);540061,4612;TYWN001;2024
Közép-Dunántúl (Fejér, Komárom-Esztergom, Veszprém);619418,3188;TYWN001;2024
Nyugat-Dunántúl (Győr-Moson-Sopron, Vas, Zala);624259,1915;TYWN001;2024
Pest (Pest);590878,9351;TYWN001;2024
Budapest (Budapest);526456,0128;TYWN002;2024
Dél-Alföld (Bács-Kiskun, Békés, Csongrád);435226,0322;TYWN002;2024
Dél-Alföld (Bács-Kiskun, Békés, Csongrád-Csanád);435226,0322;TYWN002;2024
Dél-Dunántúl (Baranya, Somogy, Tolna);426430,0453;TYWN002;2024
Észak-Alföld (Hajdú-Bihar, Jász-Nagykun-Szolnok, Szabolcs-Szatmár-Bereg);401155,0529;TYWN002;2024
Észak-Magyarország (Borsod-Abaúj-Zemplén, Heves, Nógrád);416577,3452;TYWN002;2024
Közép-Dunántúl (Fejér, Komárom-Esztergom, Veszprém);501734,3709;TYWN002;2024
Nyugat-Dunántúl (Győr-Moson-Sopron, Vas, Zala);524387,6029;TYWN002;2024
Pest (Pest);455854,8534;TYWN002;2024
Budapest (Budapest);921808,8614;TYWN003;2024
Dél-Alföld (Bács-Kiskun, Békés, Csongrád);671234,4366;TYWN003;2024
Dél-Alföld (Bács-Kiskun, Békés, Csongrád-Csanád);671234,4366;TYWN003;2024
Dél-Dunántúl (Baranya, Somogy, Tolna);696435,0232;TYWN003;2024
Észak-Alföld (Hajdú-Bihar, Jász-Nagykun-Szolnok, Szabolcs-Szatmár-Bereg);679175,501;TYWN003;2024
Észak-Magyarország (Borsod-Abaúj-Zemplén, Heves, Nógrád);696844,4171;TYWN003;2024
Közép-Dunántúl (Fejér, Komárom-Esztergom, Veszprém);775794,3674;TYWN003;2024
Nyugat-Dunántúl (Győr-Moson-Sopron, Vas, Zala);751737,4004;TYWN003;2024
Pest (Pest);754855,7373;TYWN003;2024
Budapest (Budapest);536322,8552;TYWN004;2024
Dél-Alföld (Bács-Kiskun, Békés, Csongrád);373767,2889;TYWN004;2024
Dél-Alföld (Bács-Kiskun, Békés, Csongrád-Csanád);373767,2889;TYWN004;2024
Dél-Dunántúl (Baranya, Somogy, Tolna);382457,4227;TYWN004;2024
Észak-Alföld (Hajdú-Bihar, Jász-Nagykun-Szolnok, Szabolcs-Szatmár-Bereg);362399,8154;TYWN004;2024
Észak-Magyarország (Borsod-Abaúj-Zemplén, Heves, Nógrád);373561,749;TYWN004;2024
Közép-Dunántúl (Fejér, Komárom-Esztergom, Veszprém);426984,6789;TYWN004;2024
Nyugat-Dunántúl (Győr-Moson-Sopron, Vas, Zala);429629,4326;TYWN004;2024
Pest (Pest);407551,2617;TYWN004;2024
Budapest (Budapest);878270,0208;TYWN005;2025
Budapest (Budapest);824068,4624;TYWN005;2024
Dél-Alföld (Bács-Kiskun, Békés, Csongrád);597969,3513;TYWN005;2025
Dél-Alföld (Bács-Kiskun, Békés, Csongrád);571324,03;TYWN005;2024
Dél-Alföld (Bács-Kiskun, Békés, Csongrád-Csanád);571324,03;TYWN005;2024
Dél-Alföld (Bács-Kiskun, Békés, Csongrád-Csanád);597969,3513;TYWN005;2025
Dél-Dunántúl (Baranya, Somogy, Tolna);574110,4592;TYWN005;2024
Dél-Dunántúl (Baranya, Somogy, Tolna);600938,0513;TYWN005;2025
Észak-Alföld (Hajdú-Bihar, Jász-Nagykun-Szolnok, Szabolcs-Szatmár-Bereg);580381,3882;TYWN005;2025
Észak-Alföld (Hajdú-Bihar, Jász-Nagykun-Szolnok, Szabolcs-Szatmár-Bereg);549834,3046;TYWN005;2024
Észak-Magyarország (Borsod-Abaúj-Zemplén, Heves, Nógrád);589560,6602;TYWN005;2025
Észak-Magyarország (Borsod-Abaúj-Zemplén, Heves, Nógrád);565423,0892;TYWN005;2024
Közép-Dunántúl (Fejér, Komárom-Esztergom, Veszprém);643291,6296;TYWN005;2024
Közép-Dunántúl (Fejér, Komárom-Esztergom, Veszprém);673108,5034;TYWN005;2025
Nyugat-Dunántúl (Győr-Moson-Sopron, Vas, Zala);633941,6263;TYWN005;2024
Nyugat-Dunántúl (Győr-Moson-Sopron, Vas, Zala);663197,289;TYWN005;2025
Pest (Pest);711323,4586;TYWN005;2024
Pest (Pest);752885,4251;TYWN005;2025
Budapest (Budapest);0;TYWQ001;2024
Dél-Alföld (Bács-Kiskun, Békés, Csongrád);0;TYWQ001;2024
Dél-Alföld (Bács-Kiskun, Békés, Csongrád-Csanád);0;TYWQ001;2024
Dél-Dunántúl (Baranya, Somogy, Tolna);0;TYWQ001;2024
Észak-Alföld (Hajdú-Bihar, Jász-Nagykun-Szolnok, Szabolcs-Szatmár-Bereg);0;TYWQ001;2024
Észak-Magyarország (Borsod-Abaúj-Zemplén, Heves, Nógrád);0;TYWQ001;2024
Közép-Dunántúl (Fejér, Komárom-Esztergom, Veszprém);0;TYWQ001;2024
Nyugat-Dunántúl (Győr-Moson-Sopron, Vas, Zala);0;TYWQ001;2024
Pest (Pest);0;TYWQ001;2024
Budapest (Budapest);429,2476482;TYWR001;2024
Dél-Alföld (Bács-Kiskun, Békés, Csongrád);446,0631967;TYWR001;2024
Dél-Alföld (Bács-Kiskun, Békés, Csongrád-Csanád);446,0631967;TYWR001;2024
Dél-Dunántúl (Baranya, Somogy, Tolna);452,9888767;TYWR001;2024
Észak-Alföld (Hajdú-Bihar, Jász-Nagykun-Szolnok, Szabolcs-Szatmár-Bereg);394,8609255;TYWR001;2024
Észak-Magyarország (Borsod-Abaúj-Zemplén, Heves, Nógrád);399,7157332;TYWR001;2024
Közép-Dunántúl (Fejér, Komárom-Esztergom, Veszprém);473,2245719;TYWR001;2024
Nyugat-Dunántúl (Győr-Moson-Sopron, Vas, Zala);502,048497;TYWR001;2024
Pest (Pest);496,8027159;TYWR001;2024
Budapest (Budapest);79,75156418;TYWS001;2024
Dél-Alföld (Bács-Kiskun, Békés, Csongrád);73,98170643;TYWS001;2024
Dél-Alföld (Bács-Kiskun, Békés, Csongrád-Csanád);73,98170643;TYWS001;2024
Dél-Dunántúl (Baranya, Somogy, Tolna);69,23586879;TYWS001;2024
Észak-Alföld (Hajdú-Bihar, Jász-Nagykun-Szolnok, Szabolcs-Szatmár-Bereg);71,67729357;TYWS001;2024
Észak-Magyarország (Borsod-Abaúj-Zemplén, Heves, Nógrád);69,82791166;TYWS001;2024
Közép-Dunántúl (Fejér, Komárom-Esztergom, Veszprém);78,26419248;TYWS001;2024
Nyugat-Dunántúl (Győr-Moson-Sopron, Vas, Zala);77,44116939;TYWS001;2024
Pest (Pest);76,9546572;TYWS001;2024
Budapest (Budapest);2,60860502;TYWS002;2024
Dél-Alföld (Bács-Kiskun, Békés, Csongrád);4,86553337;TYWS002;2024
Dél-Alföld (Bács-Kiskun, Békés, Csongrád-Csanád);4,86553337;TYWS002;2024
Dél-Dunántúl (Baranya, Somogy, Tolna);7,31252686;TYWS002;2024
Észak-Alföld (Hajdú-Bihar, Jász-Nagykun-Szolnok, Szabolcs-Szatmár-Bereg);7,15422072;TYWS002;2024
Észak-Magyarország (Borsod-Abaúj-Zemplén, Heves, Nógrád);7,00163114;TYWS002;2024
Közép-Dunántúl (Fejér, Komárom-Esztergom, Veszprém);2,69010763;TYWS002;2024
Nyugat-Dunántúl (Győr-Moson-Sopron, Vas, Zala);3,31211605;TYWS002;2024
Pest (Pest);3,07031914;TYWS002;2024
Budapest (Budapest);32419;TYWT001;2024
Dél-Alföld (Bács-Kiskun, Békés, Csongrád);4273;TYWT001;2024
Dél-Alföld (Bács-Kiskun, Békés, Csongrád-Csanád);4273;TYWT001;2024
Dél-Dunántúl (Baranya, Somogy, Tolna);3097;TYWT001;2024
Észak-Alföld (Hajdú-Bihar, Jász-Nagykun-Szolnok, Szabolcs-Szatmár-Bereg);5456;TYWT001;2024
Észak-Magyarország (Borsod-Abaúj-Zemplén, Heves, Nógrád);3560;TYWT001;2024
Közép-Dunántúl (Fejér, Komárom-Esztergom, Veszprém);6956;TYWT001;2024
Nyugat-Dunántúl (Győr-Moson-Sopron, Vas, Zala);6430;TYWT001;2024
Pest (Pest);7093;TYWT001;2024
Budapest (Budapest);2,7;TYWT002;2024
Dél-Alföld (Bács-Kiskun, Békés, Csongrád);1,4;TYWT002;2024
Dél-Alföld (Bács-Kiskun, Békés, Csongrád-Csanád);1,4;TYWT002;2024
Dél-Dunántúl (Baranya, Somogy, Tolna);1,5;TYWT002;2024
Észak-Alföld (Hajdú-Bihar, Jász-Nagykun-Szolnok, Szabolcs-Szatmár-Bereg);1,6;TYWT002;2024
Észak-Magyarország (Borsod-Abaúj-Zemplén, Heves, Nógrád);1,4;TYWT002;2024
Közép-Dunántúl (Fejér, Komárom-Esztergom, Veszprém);2,2;TYWT002;2024
Nyugat-Dunántúl (Győr-Moson-Sopron, Vas, Zala);2,4;TYWT002;2024
Pest (Pest);1,9;TYWT002;2024
Budapest (Budapest);106,9;TYWV001;2024
Dél-Alföld (Bács-Kiskun, Békés, Csongrád);89,7;TYWV001;2024
Dél-Alföld (Bács-Kiskun, Békés, Csongrád-Csanád);89,7;TYWV001;2024
Dél-Dunántúl (Baranya, Somogy, Tolna);91,1;TYWV001;2024
Észak-Alföld (Hajdú-Bihar, Jász-Nagykun-Szolnok, Szabolcs-Szatmár-Bereg);126,4;TYWV001;2024
Észak-Magyarország (Borsod-Abaúj-Zemplén, Heves, Nógrád);101,1;TYWV001;2024
Közép-Dunántúl (Fejér, Komárom-Esztergom, Veszprém);86,8;TYWV001;2024
Nyugat-Dunántúl (Győr-Moson-Sopron, Vas, Zala);80,5;TYWV001;2024
Pest (Pest);90,1;TYWV001;2024
Budapest (Budapest);97,61261946;TYWV002;2024
Dél-Alföld (Bács-Kiskun, Békés, Csongrád);94,48279218;TYWV002;2024
Dél-Alföld (Bács-Kiskun, Békés, Csongrád-Csanád);94,48279218;TYWV002;2024
Dél-Dunántúl (Baranya, Somogy, Tolna);103,0325766;TYWV002;2024
Észak-Alföld (Hajdú-Bihar, Jász-Nagykun-Szolnok, Szabolcs-Szatmár-Bereg);98,47234939;TYWV002;2024
Észak-Magyarország (Borsod-Abaúj-Zemplén, Heves, Nógrád);95,19700284;TYWV002;2024
Közép-Dunántúl (Fejér, Komárom-Esztergom, Veszprém);95,50472433;TYWV002;2024
Nyugat-Dunántúl (Győr-Moson-Sopron, Vas, Zala);95,30158634;TYWV002;2024
Pest (Pest);91,22119807;TYWV002;2024
Budapest (Budapest);3260,398163;TYWV003;2024
Dél-Alföld (Bács-Kiskun, Békés, Csongrád);5031,833722;TYWV003;2024
Dél-Alföld (Bács-Kiskun, Békés, Csongrád-Csanád);5031,833722;TYWV003;2024
Dél-Dunántúl (Baranya, Somogy, Tolna);3356,220522;TYWV003;2024
Észak-Alföld (Hajdú-Bihar, Jász-Nagykun-Szolnok, Szabolcs-Szatmár-Bereg);4169,167496;TYWV003;2024
Észak-Magyarország (Borsod-Abaúj-Zemplén, Heves, Nógrád);6923,817413;TYWV003;2024
Közép-Dunántúl (Fejér, Komárom-Esztergom, Veszprém);9855,986752;TYWV003;2024
Nyugat-Dunántúl (Győr-Moson-Sopron, Vas, Zala);8446,27439;TYWV003;2024
Pest (Pest);5226,785399;TYWV003;2024
Budapest (Budapest);21,62936467;TYWZ001;2024
Dél-Alföld (Bács-Kiskun, Békés, Csongrád);20,88252314;TYWZ001;2024
Dél-Alföld (Bács-Kiskun, Békés, Csongrád-Csanád);20,88252314;TYWZ001;2024
Dél-Dunántúl (Baranya, Somogy, Tolna);21,44284076;TYWZ001;2024
Észak-Alföld (Hajdú-Bihar, Jász-Nagykun-Szolnok, Szabolcs-Szatmár-Bereg);22,42510461;TYWZ001;2024
Észak-Magyarország (Borsod-Abaúj-Zemplén, Heves, Nógrád);18,86718546;TYWZ001;2024
Közép-Dunántúl (Fejér, Komárom-Esztergom, Veszprém);21,82332242;TYWZ001;2024
Nyugat-Dunántúl (Győr-Moson-Sopron, Vas, Zala);22,69609498;TYWZ001;2024
Pest (Pest);17,09409386;TYWZ001;2024
Budapest (Budapest);0,24922725;TYWZ002;2024
Dél-Alföld (Bács-Kiskun, Békés, Csongrád);0,73494317;TYWZ002;2024
Dél-Alföld (Bács-Kiskun, Békés, Csongrád-Csanád);0,73494317;TYWZ002;2024
Dél-Dunántúl (Baranya, Somogy, Tolna);0,67378276;TYWZ002;2024
Észak-Alföld (Hajdú-Bihar, Jász-Nagykun-Szolnok, Szabolcs-Szatmár-Bereg);0,60414009;TYWZ002;2024
Észak-Magyarország (Borsod-Abaúj-Zemplén, Heves, Nógrád);0,52227503;TYWZ002;2024
Közép-Dunántúl (Fejér, Komárom-Esztergom, Veszprém);0,61835918;TYWZ002;2024
Nyugat-Dunántúl (Győr-Moson-Sopron, Vas, Zala);0,59510556;TYWZ002;2024
Pest (Pest);0,35924541;TYWZ002;2024
Budapest (Budapest);4,4682885;TYWZ003;2024
Dél-Alföld (Bács-Kiskun, Békés, Csongrád);5,80351675;TYWZ003;2024
Dél-Alföld (Bács-Kiskun, Békés, Csongrád-Csanád);5,80351675;TYWZ003;2024
Dél-Dunántúl (Baranya, Somogy, Tolna);5,43754507;TYWZ003;2024
Észak-Alföld (Hajdú-Bihar, Jász-Nagykun-Szolnok, Szabolcs-Szatmár-Bereg);4,76119925;TYWZ003;2024
Észak-Magyarország (Borsod-Abaúj-Zemplén, Heves, Nógrád);4,51394847;TYWZ003;2024
Közép-Dunántúl (Fejér, Komárom-Esztergom, Veszprém);6,20261823;TYWZ003;2024
Nyugat-Dunántúl (Győr-Moson-Sopron, Vas, Zala);5,44829405;TYWZ003;2024
Pest (Pest);3,6822654;TYWZ003;2024
Budapest (Budapest);16,91184892;TYWZ004;2024
Dél-Alföld (Bács-Kiskun, Békés, Csongrád);14,34406322;TYWZ004;2024
Dél-Alföld (Bács-Kiskun, Békés, Csongrád-Csanád);14,34406322;TYWZ004;2024
Dél-Dunántúl (Baranya, Somogy, Tolna);15,33151294;TYWZ004;2024
Észak-Alföld (Hajdú-Bihar, Jász-Nagykun-Szolnok, Szabolcs-Szatmár-Bereg);17,05976528;TYWZ004;2024
Észak-Magyarország (Borsod-Abaúj-Zemplén, Heves, Nógrád);13,83096196;TYWZ004;2024
Közép-Dunántúl (Fejér, Komárom-Esztergom, Veszprém);15,00234501;TYWZ004;2024
Nyugat-Dunántúl (Győr-Moson-Sopron, Vas, Zala);16,65269537;TYWZ004;2024
Pest (Pest);13,05258305;TYWZ004;2024
Budapest (Budapest);27,40237691;TYWZ005;2024
Dél-Alföld (Bács-Kiskun, Békés, Csongrád);24,81669487;TYWZ005;2024
Dél-Alföld (Bács-Kiskun, Békés, Csongrád-Csanád);24,81669487;TYWZ005;2024
Dél-Dunántúl (Baranya, Somogy, Tolna);24,96274218;TYWZ005;2024
Észak-Alföld (Hajdú-Bihar, Jász-Nagykun-Szolnok, Szabolcs-Szatmár-Bereg);23,1981982;TYWZ005;2024
Észak-Magyarország (Borsod-Abaúj-Zemplén, Heves, Nógrád);24,67620995;TYWZ005;2024
Közép-Dunántúl (Fejér, Komárom-Esztergom, Veszprém);22,76674938;TYWZ005;2024
Nyugat-Dunántúl (Győr-Moson-Sopron, Vas, Zala);22,83076923;TYWZ005;2024
Pest (Pest);24,13388139;TYWZ005;2024
Budapest (Budapest);29,10016978;TYWZ006;2024
Dél-Alföld (Bács-Kiskun, Békés, Csongrád);28,76480541;TYWZ006;2024
Dél-Alföld (Bács-Kiskun, Békés, Csongrád-Csanád);28,76480541;TYWZ006;2024
Dél-Dunántúl (Baranya, Somogy, Tolna);30,02980626;TYWZ006;2024
Észak-Alföld (Hajdú-Bihar, Jász-Nagykun-Szolnok, Szabolcs-Szatmár-Bereg);27,2972973;TYWZ006;2024
Észak-Magyarország (Borsod-Abaúj-Zemplén, Heves, Nógrád);28,56169052;TYWZ006;2024
Közép-Dunántúl (Fejér, Komárom-Esztergom, Veszprém);32,69230769;TYWZ006;2024
Nyugat-Dunántúl (Győr-Moson-Sopron, Vas, Zala);29,96923077;TYWZ006;2024
Pest (Pest);31,0628303;TYWZ006;2024
Budapest (Budapest);25,60271647;TYWZ007;2024
Dél-Alföld (Bács-Kiskun, Békés, Csongrád);24,76029329;TYWZ007;2024
Dél-Alföld (Bács-Kiskun, Békés, Csongrád-Csanád);24,76029329;TYWZ007;2024
Dél-Dunántúl (Baranya, Somogy, Tolna);24,96274218;TYWZ007;2024
Észak-Alföld (Hajdú-Bihar, Jász-Nagykun-Szolnok, Szabolcs-Szatmár-Bereg);26,08108108;TYWZ007;2024
Észak-Magyarország (Borsod-Abaúj-Zemplén, Heves, Nógrád);25,01704158;TYWZ007;2024
Közép-Dunántúl (Fejér, Komárom-Esztergom, Veszprém);24,81389578;TYWZ007;2024
Nyugat-Dunántúl (Győr-Moson-Sopron, Vas, Zala);25,29230769;TYWZ007;2024
Pest (Pest);24,42748092;TYWZ007;2024
Budapest (Budapest);17,89473684;TYWZ008;2024
Dél-Alföld (Bács-Kiskun, Békés, Csongrád);21,65820643;TYWZ008;2024
Dél-Alföld (Bács-Kiskun, Békés, Csongrád-Csanád);21,65820643;TYWZ008;2024
Dél-Dunántúl (Baranya, Somogy, Tolna);20,04470939;TYWZ008;2024
Észak-Alföld (Hajdú-Bihar, Jász-Nagykun-Szolnok, Szabolcs-Szatmár-Bereg);23,42342342;TYWZ008;2024
Észak-Magyarország (Borsod-Abaúj-Zemplén, Heves, Nógrád);21,74505794;TYWZ008;2024
Közép-Dunántúl (Fejér, Komárom-Esztergom, Veszprém);19,72704715;TYWZ008;2024
Nyugat-Dunántúl (Győr-Moson-Sopron, Vas, Zala);21,90769231;TYWZ008;2024
Pest (Pest);20,3758074;TYWZ008;2024
Budapest (Budapest);4,3803056;TYWZ009;2024
Dél-Alföld (Bács-Kiskun, Békés, Csongrád);5,64015792;TYWZ009;2024
Dél-Alföld (Bács-Kiskun, Békés, Csongrád-Csanád);5,64015792;TYWZ009;2024
Dél-Dunántúl (Baranya, Somogy, Tolna);5,14157973;TYWZ009;2024
Észak-Alföld (Hajdú-Bihar, Jász-Nagykun-Szolnok, Szabolcs-Szatmár-Bereg);5,9009009;TYWZ009;2024
Észak-Magyarország (Borsod-Abaúj-Zemplén, Heves, Nógrád);6,61213361;TYWZ009;2024
Közép-Dunántúl (Fejér, Komárom-Esztergom, Veszprém);5,45905707;TYWZ009;2024
Nyugat-Dunántúl (Győr-Moson-Sopron, Vas, Zala);6,95384615;TYWZ009;2024
Pest (Pest);6,87022901;TYWZ009;2024
